"Any","Codi_Districte","Nom_Districte","Codi_Barri","Nom_Barri","Seccio_Censal","Import_Euros"
2019,1,"Ciutat Vella",1,"el Raval",1,27387
2019,1,"Ciutat Vella",1,"el Raval",2,23230
2019,1,"Ciutat Vella",1,"el Raval",3,25565
2019,1,"Ciutat Vella",1,"el Raval",4,28470
2019,1,"Ciutat Vella",1,"el Raval",5,23125
2019,1,"Ciutat Vella",1,"el Raval",6,26841
2019,1,"Ciutat Vella",1,"el Raval",7,26687
2019,1,"Ciutat Vella",1,"el Raval",8,23425
2019,1,"Ciutat Vella",1,"el Raval",9,25691
2019,1,"Ciutat Vella",1,"el Raval",10,24571
2019,1,"Ciutat Vella",1,"el Raval",11,22624
2019,1,"Ciutat Vella",1,"el Raval",12,26152
2019,1,"Ciutat Vella",1,"el Raval",13,29882
2019,1,"Ciutat Vella",1,"el Raval",14,26821
2019,1,"Ciutat Vella",1,"el Raval",15,27847
2019,1,"Ciutat Vella",1,"el Raval",16,29258
2019,1,"Ciutat Vella",1,"el Raval",17,27588
2019,1,"Ciutat Vella",1,"el Raval",18,27205
2019,1,"Ciutat Vella",1,"el Raval",19,25567
2019,1,"Ciutat Vella",1,"el Raval",20,35218
2019,1,"Ciutat Vella",1,"el Raval",21,29980
2019,1,"Ciutat Vella",2,"el Gòtic",22,37791
2019,1,"Ciutat Vella",2,"el Gòtic",23,33108
2019,1,"Ciutat Vella",2,"el Gòtic",25,29779
2019,1,"Ciutat Vella",2,"el Gòtic",26,31867
2019,1,"Ciutat Vella",2,"el Gòtic",27,29251
2019,1,"Ciutat Vella",2,"el Gòtic",28,29402
2019,1,"Ciutat Vella",2,"el Gòtic",29,26225
2019,1,"Ciutat Vella",2,"el Gòtic",30,27729
2019,1,"Ciutat Vella",2,"el Gòtic",31,27696
2019,1,"Ciutat Vella",3,"la Barceloneta",32,28759
2019,1,"Ciutat Vella",3,"la Barceloneta",33,25309
2019,1,"Ciutat Vella",3,"la Barceloneta",34,24159
2019,1,"Ciutat Vella",3,"la Barceloneta",35,24822
2019,1,"Ciutat Vella",3,"la Barceloneta",36,30951
2019,1,"Ciutat Vella",3,"la Barceloneta",37,30363
2019,1,"Ciutat Vella",3,"la Barceloneta",38,24684
2019,1,"Ciutat Vella",3,"la Barceloneta",39,28278
2019,1,"Ciutat Vella",3,"la Barceloneta",40,27752
2019,1,"Ciutat Vella",3,"la Barceloneta",41,23468
2019,1,"Ciutat Vella",3,"la Barceloneta",42,29776
2019,1,"Ciutat Vella",4,"Sant Pere, Santa Caterina i la Ribera",43,36613
2019,1,"Ciutat Vella",4,"Sant Pere, Santa Caterina i la Ribera",44,36057
2019,1,"Ciutat Vella",4,"Sant Pere, Santa Caterina i la Ribera",45,28257
2019,1,"Ciutat Vella",4,"Sant Pere, Santa Caterina i la Ribera",46,27948
2019,1,"Ciutat Vella",4,"Sant Pere, Santa Caterina i la Ribera",47,26614
2019,1,"Ciutat Vella",4,"Sant Pere, Santa Caterina i la Ribera",48,23026
2019,1,"Ciutat Vella",4,"Sant Pere, Santa Caterina i la Ribera",49,35210
2019,1,"Ciutat Vella",4,"Sant Pere, Santa Caterina i la Ribera",50,29685
2019,1,"Ciutat Vella",4,"Sant Pere, Santa Caterina i la Ribera",51,25512
2019,1,"Ciutat Vella",4,"Sant Pere, Santa Caterina i la Ribera",52,43532
2019,1,"Ciutat Vella",4,"Sant Pere, Santa Caterina i la Ribera",53,24279
2019,1,"Ciutat Vella",4,"Sant Pere, Santa Caterina i la Ribera",54,27263
2019,1,"Ciutat Vella",4,"Sant Pere, Santa Caterina i la Ribera",55,37555
2019,2,"Eixample",5,"el Fort Pienc",1,42137
2019,2,"Eixample",5,"el Fort Pienc",2,41338
2019,2,"Eixample",5,"el Fort Pienc",3,44343
2019,2,"Eixample",5,"el Fort Pienc",4,39672
2019,2,"Eixample",5,"el Fort Pienc",5,44822
2019,2,"Eixample",5,"el Fort Pienc",6,47206
2019,2,"Eixample",5,"el Fort Pienc",7,45955
2019,2,"Eixample",5,"el Fort Pienc",8,45543
2019,2,"Eixample",5,"el Fort Pienc",9,45773
2019,2,"Eixample",5,"el Fort Pienc",10,42550
2019,2,"Eixample",5,"el Fort Pienc",11,42225
2019,2,"Eixample",5,"el Fort Pienc",12,36324
2019,2,"Eixample",5,"el Fort Pienc",13,33477
2019,2,"Eixample",5,"el Fort Pienc",14,34352
2019,2,"Eixample",5,"el Fort Pienc",15,36181
2019,2,"Eixample",5,"el Fort Pienc",16,45156
2019,2,"Eixample",5,"el Fort Pienc",17,47064
2019,2,"Eixample",5,"el Fort Pienc",18,46824
2019,2,"Eixample",5,"el Fort Pienc",19,41259
2019,2,"Eixample",5,"el Fort Pienc",20,35610
2019,2,"Eixample",6,"la Sagrada Família",21,38722
2019,2,"Eixample",6,"la Sagrada Família",22,41354
2019,2,"Eixample",6,"la Sagrada Família",23,39255
2019,2,"Eixample",6,"la Sagrada Família",24,37764
2019,2,"Eixample",6,"la Sagrada Família",25,35605
2019,2,"Eixample",6,"la Sagrada Família",26,41294
2019,2,"Eixample",6,"la Sagrada Família",27,41378
2019,2,"Eixample",6,"la Sagrada Família",28,40650
2019,2,"Eixample",6,"la Sagrada Família",29,39799
2019,2,"Eixample",6,"la Sagrada Família",30,32576
2019,2,"Eixample",6,"la Sagrada Família",31,44918
2019,2,"Eixample",6,"la Sagrada Família",32,41885
2019,2,"Eixample",6,"la Sagrada Família",33,38844
2019,2,"Eixample",6,"la Sagrada Família",34,34777
2019,2,"Eixample",6,"la Sagrada Família",35,42614
2019,2,"Eixample",6,"la Sagrada Família",36,44170
2019,2,"Eixample",6,"la Sagrada Família",37,46457
2019,2,"Eixample",6,"la Sagrada Família",38,45750
2019,2,"Eixample",6,"la Sagrada Família",39,39686
2019,2,"Eixample",6,"la Sagrada Família",40,34459
2019,2,"Eixample",6,"la Sagrada Família",41,38117
2019,2,"Eixample",6,"la Sagrada Família",42,46488
2019,2,"Eixample",6,"la Sagrada Família",43,44538
2019,2,"Eixample",6,"la Sagrada Família",44,38021
2019,2,"Eixample",6,"la Sagrada Família",45,46507
2019,2,"Eixample",6,"la Sagrada Família",46,38036
2019,2,"Eixample",6,"la Sagrada Família",47,41713
2019,2,"Eixample",6,"la Sagrada Família",48,40302
2019,2,"Eixample",6,"la Sagrada Família",49,36297
2019,2,"Eixample",6,"la Sagrada Família",50,36962
2019,2,"Eixample",6,"la Sagrada Família",51,35283
2019,2,"Eixample",6,"la Sagrada Família",52,39414
2019,2,"Eixample",6,"la Sagrada Família",53,39971
2019,2,"Eixample",6,"la Sagrada Família",54,42887
2019,2,"Eixample",7,"la Dreta de l'Eixample",55,43653
2019,2,"Eixample",7,"la Dreta de l'Eixample",56,43014
2019,2,"Eixample",7,"la Dreta de l'Eixample",57,56946
2019,2,"Eixample",7,"la Dreta de l'Eixample",58,47199
2019,2,"Eixample",7,"la Dreta de l'Eixample",59,54311
2019,2,"Eixample",7,"la Dreta de l'Eixample",60,45775
2019,2,"Eixample",7,"la Dreta de l'Eixample",61,41655
2019,2,"Eixample",7,"la Dreta de l'Eixample",62,49767
2019,2,"Eixample",7,"la Dreta de l'Eixample",63,68654
2019,2,"Eixample",7,"la Dreta de l'Eixample",64,57265
2019,2,"Eixample",7,"la Dreta de l'Eixample",65,48029
2019,2,"Eixample",7,"la Dreta de l'Eixample",66,46547
2019,2,"Eixample",7,"la Dreta de l'Eixample",67,39081
2019,2,"Eixample",7,"la Dreta de l'Eixample",68,42348
2019,2,"Eixample",7,"la Dreta de l'Eixample",69,49140
2019,2,"Eixample",7,"la Dreta de l'Eixample",70,54335
2019,2,"Eixample",7,"la Dreta de l'Eixample",71,54911
2019,2,"Eixample",7,"la Dreta de l'Eixample",72,60784
2019,2,"Eixample",7,"la Dreta de l'Eixample",73,56834
2019,2,"Eixample",7,"la Dreta de l'Eixample",74,54703
2019,2,"Eixample",7,"la Dreta de l'Eixample",75,51442
2019,2,"Eixample",7,"la Dreta de l'Eixample",76,61456
2019,2,"Eixample",7,"la Dreta de l'Eixample",77,48785
2019,2,"Eixample",7,"la Dreta de l'Eixample",78,67917
2019,2,"Eixample",7,"la Dreta de l'Eixample",79,58482
2019,2,"Eixample",7,"la Dreta de l'Eixample",80,59649
2019,2,"Eixample",7,"la Dreta de l'Eixample",81,61578
2019,2,"Eixample",7,"la Dreta de l'Eixample",82,53927
2019,2,"Eixample",7,"la Dreta de l'Eixample",83,63614
2019,2,"Eixample",8,"l'Antiga Esquerra de l'Eixample",84,48134
2019,2,"Eixample",8,"l'Antiga Esquerra de l'Eixample",85,47989
2019,2,"Eixample",8,"l'Antiga Esquerra de l'Eixample",86,55125
2019,2,"Eixample",8,"l'Antiga Esquerra de l'Eixample",87,48490
2019,2,"Eixample",8,"l'Antiga Esquerra de l'Eixample",88,49935
2019,2,"Eixample",8,"l'Antiga Esquerra de l'Eixample",89,47263
2019,2,"Eixample",8,"l'Antiga Esquerra de l'Eixample",90,44290
2019,2,"Eixample",8,"l'Antiga Esquerra de l'Eixample",91,46644
2019,2,"Eixample",8,"l'Antiga Esquerra de l'Eixample",92,43072
2019,2,"Eixample",8,"l'Antiga Esquerra de l'Eixample",93,48213
2019,2,"Eixample",8,"l'Antiga Esquerra de l'Eixample",94,47538
2019,2,"Eixample",8,"l'Antiga Esquerra de l'Eixample",95,45405
2019,2,"Eixample",8,"l'Antiga Esquerra de l'Eixample",96,43387
2019,2,"Eixample",8,"l'Antiga Esquerra de l'Eixample",97,40709
2019,2,"Eixample",8,"l'Antiga Esquerra de l'Eixample",98,43820
2019,2,"Eixample",8,"l'Antiga Esquerra de l'Eixample",99,51005
2019,2,"Eixample",8,"l'Antiga Esquerra de l'Eixample",100,43891
2019,2,"Eixample",8,"l'Antiga Esquerra de l'Eixample",101,43793
2019,2,"Eixample",8,"l'Antiga Esquerra de l'Eixample",102,54042
2019,2,"Eixample",8,"l'Antiga Esquerra de l'Eixample",103,38206
2019,2,"Eixample",8,"l'Antiga Esquerra de l'Eixample",104,49983
2019,2,"Eixample",8,"l'Antiga Esquerra de l'Eixample",105,40762
2019,2,"Eixample",8,"l'Antiga Esquerra de l'Eixample",106,50472
2019,2,"Eixample",8,"l'Antiga Esquerra de l'Eixample",107,50517
2019,2,"Eixample",8,"l'Antiga Esquerra de l'Eixample",108,56163
2019,2,"Eixample",8,"l'Antiga Esquerra de l'Eixample",109,56423
2019,2,"Eixample",9,"la Nova Esquerra de l'Eixample",110,42729
2019,2,"Eixample",9,"la Nova Esquerra de l'Eixample",111,45917
2019,2,"Eixample",9,"la Nova Esquerra de l'Eixample",112,58052
2019,2,"Eixample",9,"la Nova Esquerra de l'Eixample",113,56833
2019,2,"Eixample",9,"la Nova Esquerra de l'Eixample",114,42238
2019,2,"Eixample",9,"la Nova Esquerra de l'Eixample",115,39426
2019,2,"Eixample",9,"la Nova Esquerra de l'Eixample",116,55181
2019,2,"Eixample",9,"la Nova Esquerra de l'Eixample",117,44105
2019,2,"Eixample",9,"la Nova Esquerra de l'Eixample",118,51103
2019,2,"Eixample",9,"la Nova Esquerra de l'Eixample",119,46403
2019,2,"Eixample",9,"la Nova Esquerra de l'Eixample",120,42544
2019,2,"Eixample",9,"la Nova Esquerra de l'Eixample",121,41928
2019,2,"Eixample",9,"la Nova Esquerra de l'Eixample",122,50895
2019,2,"Eixample",9,"la Nova Esquerra de l'Eixample",123,40203
2019,2,"Eixample",9,"la Nova Esquerra de l'Eixample",124,47617
2019,2,"Eixample",9,"la Nova Esquerra de l'Eixample",125,44800
2019,2,"Eixample",9,"la Nova Esquerra de l'Eixample",126,47886
2019,2,"Eixample",9,"la Nova Esquerra de l'Eixample",127,40511
2019,2,"Eixample",9,"la Nova Esquerra de l'Eixample",128,40157
2019,2,"Eixample",9,"la Nova Esquerra de l'Eixample",129,44034
2019,2,"Eixample",9,"la Nova Esquerra de l'Eixample",130,67699
2019,2,"Eixample",9,"la Nova Esquerra de l'Eixample",131,40392
2019,2,"Eixample",9,"la Nova Esquerra de l'Eixample",132,47221
2019,2,"Eixample",9,"la Nova Esquerra de l'Eixample",133,44058
2019,2,"Eixample",9,"la Nova Esquerra de l'Eixample",134,39883
2019,2,"Eixample",9,"la Nova Esquerra de l'Eixample",135,37823
2019,2,"Eixample",9,"la Nova Esquerra de l'Eixample",136,43221
2019,2,"Eixample",9,"la Nova Esquerra de l'Eixample",137,39365
2019,2,"Eixample",9,"la Nova Esquerra de l'Eixample",138,47873
2019,2,"Eixample",9,"la Nova Esquerra de l'Eixample",139,37613
2019,2,"Eixample",9,"la Nova Esquerra de l'Eixample",140,42508
2019,2,"Eixample",9,"la Nova Esquerra de l'Eixample",141,40581
2019,2,"Eixample",9,"la Nova Esquerra de l'Eixample",142,37183
2019,2,"Eixample",9,"la Nova Esquerra de l'Eixample",143,46404
2019,2,"Eixample",9,"la Nova Esquerra de l'Eixample",144,50359
2019,2,"Eixample",9,"la Nova Esquerra de l'Eixample",145,43662
2019,2,"Eixample",9,"la Nova Esquerra de l'Eixample",146,43374
2019,2,"Eixample",9,"la Nova Esquerra de l'Eixample",147,42650
2019,2,"Eixample",9,"la Nova Esquerra de l'Eixample",148,42349
2019,2,"Eixample",9,"la Nova Esquerra de l'Eixample",149,36674
2019,2,"Eixample",10,"Sant Antoni",150,39448
2019,2,"Eixample",10,"Sant Antoni",151,41294
2019,2,"Eixample",10,"Sant Antoni",152,46163
2019,2,"Eixample",10,"Sant Antoni",153,43393
2019,2,"Eixample",10,"Sant Antoni",154,36776
2019,2,"Eixample",10,"Sant Antoni",155,37969
2019,2,"Eixample",10,"Sant Antoni",156,40962
2019,2,"Eixample",10,"Sant Antoni",157,38340
2019,2,"Eixample",10,"Sant Antoni",158,40565
2019,2,"Eixample",10,"Sant Antoni",159,43156
2019,2,"Eixample",10,"Sant Antoni",160,44495
2019,2,"Eixample",10,"Sant Antoni",161,41122
2019,2,"Eixample",10,"Sant Antoni",162,36467
2019,2,"Eixample",10,"Sant Antoni",163,43768
2019,2,"Eixample",10,"Sant Antoni",164,40323
2019,2,"Eixample",10,"Sant Antoni",165,42483
2019,2,"Eixample",10,"Sant Antoni",166,38155
2019,2,"Eixample",10,"Sant Antoni",167,42337
2019,2,"Eixample",10,"Sant Antoni",168,38970
2019,2,"Eixample",10,"Sant Antoni",169,37963
2019,2,"Eixample",10,"Sant Antoni",170,39026
2019,2,"Eixample",10,"Sant Antoni",171,34864
2019,2,"Eixample",10,"Sant Antoni",172,35106
2019,2,"Eixample",10,"Sant Antoni",173,37556
2019,3,"Sants-Montjuïc",11,"el Poble Sec",1,34564
2019,3,"Sants-Montjuïc",11,"el Poble Sec",2,29695
2019,3,"Sants-Montjuïc",11,"el Poble Sec",3,29383
2019,3,"Sants-Montjuïc",11,"el Poble Sec",4,34071
2019,3,"Sants-Montjuïc",11,"el Poble Sec",5,28800
2019,3,"Sants-Montjuïc",11,"el Poble Sec",6,33257
2019,3,"Sants-Montjuïc",11,"el Poble Sec",7,31252
2019,3,"Sants-Montjuïc",11,"el Poble Sec",8,29229
2019,3,"Sants-Montjuïc",11,"el Poble Sec",9,33311
2019,3,"Sants-Montjuïc",11,"el Poble Sec",10,32155
2019,3,"Sants-Montjuïc",11,"el Poble Sec",11,26161
2019,3,"Sants-Montjuïc",11,"el Poble Sec",12,31345
2019,3,"Sants-Montjuïc",11,"el Poble Sec",13,29682
2019,3,"Sants-Montjuïc",11,"el Poble Sec",14,28843
2019,3,"Sants-Montjuïc",11,"el Poble Sec",15,30103
2019,3,"Sants-Montjuïc",11,"el Poble Sec",16,29841
2019,3,"Sants-Montjuïc",11,"el Poble Sec",17,29487
2019,3,"Sants-Montjuïc",11,"el Poble Sec",18,32595
2019,3,"Sants-Montjuïc",11,"el Poble Sec",19,31147
2019,3,"Sants-Montjuïc",11,"el Poble Sec",20,37046
2019,3,"Sants-Montjuïc",11,"el Poble Sec",21,35267
2019,3,"Sants-Montjuïc",11,"el Poble Sec",22,32768
2019,3,"Sants-Montjuïc",11,"el Poble Sec",23,30193
2019,3,"Sants-Montjuïc",11,"el Poble Sec",24,31619
2019,3,"Sants-Montjuïc",12,"la Marina del Prat Vermell",25,24679
2019,3,"Sants-Montjuïc",13,"la Marina de Port",26,32548
2019,3,"Sants-Montjuïc",13,"la Marina de Port",27,33046
2019,3,"Sants-Montjuïc",13,"la Marina de Port",28,38949
2019,3,"Sants-Montjuïc",13,"la Marina de Port",29,32170
2019,3,"Sants-Montjuïc",13,"la Marina de Port",30,33992
2019,3,"Sants-Montjuïc",13,"la Marina de Port",31,32563
2019,3,"Sants-Montjuïc",13,"la Marina de Port",32,28748
2019,3,"Sants-Montjuïc",13,"la Marina de Port",33,26921
2019,3,"Sants-Montjuïc",13,"la Marina de Port",34,34367
2019,3,"Sants-Montjuïc",13,"la Marina de Port",35,36288
2019,3,"Sants-Montjuïc",13,"la Marina de Port",36,37486
2019,3,"Sants-Montjuïc",13,"la Marina de Port",37,37316
2019,3,"Sants-Montjuïc",13,"la Marina de Port",38,27557
2019,3,"Sants-Montjuïc",13,"la Marina de Port",39,26497
2019,3,"Sants-Montjuïc",14,"la Font de la Guatlla",40,39403
2019,3,"Sants-Montjuïc",14,"la Font de la Guatlla",41,35671
2019,3,"Sants-Montjuïc",14,"la Font de la Guatlla",42,34112
2019,3,"Sants-Montjuïc",14,"la Font de la Guatlla",43,36298
2019,3,"Sants-Montjuïc",14,"la Font de la Guatlla",44,34171
2019,3,"Sants-Montjuïc",14,"la Font de la Guatlla",45,33904
2019,3,"Sants-Montjuïc",14,"la Font de la Guatlla",46,44893
2019,3,"Sants-Montjuïc",15,"Hostafrancs",47,33524
2019,3,"Sants-Montjuïc",15,"Hostafrancs",48,40416
2019,3,"Sants-Montjuïc",15,"Hostafrancs",49,37284
2019,3,"Sants-Montjuïc",15,"Hostafrancs",50,37560
2019,3,"Sants-Montjuïc",15,"Hostafrancs",51,33554
2019,3,"Sants-Montjuïc",15,"Hostafrancs",52,33358
2019,3,"Sants-Montjuïc",15,"Hostafrancs",53,33377
2019,3,"Sants-Montjuïc",15,"Hostafrancs",54,38743
2019,3,"Sants-Montjuïc",15,"Hostafrancs",55,36217
2019,3,"Sants-Montjuïc",15,"Hostafrancs",56,34947
2019,3,"Sants-Montjuïc",16,"la Bordeta",57,33205
2019,3,"Sants-Montjuïc",16,"la Bordeta",58,46364
2019,3,"Sants-Montjuïc",16,"la Bordeta",59,33327
2019,3,"Sants-Montjuïc",16,"la Bordeta",60,38906
2019,3,"Sants-Montjuïc",16,"la Bordeta",61,31428
2019,3,"Sants-Montjuïc",16,"la Bordeta",62,33333
2019,3,"Sants-Montjuïc",16,"la Bordeta",63,36165
2019,3,"Sants-Montjuïc",16,"la Bordeta",64,39747
2019,3,"Sants-Montjuïc",16,"la Bordeta",65,41293
2019,3,"Sants-Montjuïc",16,"la Bordeta",66,36634
2019,3,"Sants-Montjuïc",16,"la Bordeta",67,38250
2019,3,"Sants-Montjuïc",16,"la Bordeta",68,31509
2019,3,"Sants-Montjuïc",16,"la Bordeta",69,40296
2019,3,"Sants-Montjuïc",17,"Sants - Badal",70,32869
2019,3,"Sants-Montjuïc",17,"Sants - Badal",71,30326
2019,3,"Sants-Montjuïc",17,"Sants - Badal",72,31816
2019,3,"Sants-Montjuïc",17,"Sants - Badal",73,38531
2019,3,"Sants-Montjuïc",17,"Sants - Badal",74,35280
2019,3,"Sants-Montjuïc",17,"Sants - Badal",75,35797
2019,3,"Sants-Montjuïc",17,"Sants - Badal",76,31699
2019,3,"Sants-Montjuïc",17,"Sants - Badal",77,33958
2019,3,"Sants-Montjuïc",17,"Sants - Badal",78,35211
2019,3,"Sants-Montjuïc",17,"Sants - Badal",79,32448
2019,3,"Sants-Montjuïc",17,"Sants - Badal",80,36057
2019,3,"Sants-Montjuïc",17,"Sants - Badal",81,37557
2019,3,"Sants-Montjuïc",17,"Sants - Badal",82,41096
2019,3,"Sants-Montjuïc",17,"Sants - Badal",83,39736
2019,3,"Sants-Montjuïc",17,"Sants - Badal",84,38713
2019,3,"Sants-Montjuïc",17,"Sants - Badal",85,38062
2019,3,"Sants-Montjuïc",18,"Sants",86,46430
2019,3,"Sants-Montjuïc",18,"Sants",87,44351
2019,3,"Sants-Montjuïc",18,"Sants",88,37128
2019,3,"Sants-Montjuïc",18,"Sants",89,41774
2019,3,"Sants-Montjuïc",18,"Sants",90,45935
2019,3,"Sants-Montjuïc",18,"Sants",91,44258
2019,3,"Sants-Montjuïc",18,"Sants",92,39520
2019,3,"Sants-Montjuïc",18,"Sants",93,41619
2019,3,"Sants-Montjuïc",18,"Sants",94,38377
2019,3,"Sants-Montjuïc",18,"Sants",95,36897
2019,3,"Sants-Montjuïc",18,"Sants",96,33828
2019,3,"Sants-Montjuïc",18,"Sants",97,28093
2019,3,"Sants-Montjuïc",18,"Sants",98,33401
2019,3,"Sants-Montjuïc",18,"Sants",99,33945
2019,3,"Sants-Montjuïc",18,"Sants",100,34042
2019,3,"Sants-Montjuïc",18,"Sants",101,34272
2019,3,"Sants-Montjuïc",18,"Sants",102,36112
2019,3,"Sants-Montjuïc",18,"Sants",103,35114
2019,3,"Sants-Montjuïc",18,"Sants",104,34395
2019,3,"Sants-Montjuïc",18,"Sants",105,33675
2019,3,"Sants-Montjuïc",18,"Sants",106,35282
2019,3,"Sants-Montjuïc",18,"Sants",107,38576
2019,3,"Sants-Montjuïc",18,"Sants",108,37502
2019,3,"Sants-Montjuïc",18,"Sants",109,39543
2019,3,"Sants-Montjuïc",18,"Sants",110,36387
2019,3,"Sants-Montjuïc",18,"Sants",111,37581
2019,3,"Sants-Montjuïc",18,"Sants",112,46132
2019,3,"Sants-Montjuïc",18,"Sants",113,48779
2019,3,"Sants-Montjuïc",18,"Sants",114,47739
2019,3,"Sants-Montjuïc",13,"la Marina de Port",211,40532
2019,3,"Sants-Montjuïc",13,"la Marina de Port",212,31818
2019,3,"Sants-Montjuïc",13,"la Marina de Port",213,30276
2019,4,"Les Corts",19,"les Corts",1,44852
2019,4,"Les Corts",19,"les Corts",2,52647
2019,4,"Les Corts",19,"les Corts",3,48980
2019,4,"Les Corts",19,"les Corts",4,44361
2019,4,"Les Corts",19,"les Corts",5,42221
2019,4,"Les Corts",19,"les Corts",6,45165
2019,4,"Les Corts",19,"les Corts",7,36517
2019,4,"Les Corts",19,"les Corts",8,37192
2019,4,"Les Corts",19,"les Corts",9,44243
2019,4,"Les Corts",19,"les Corts",10,53168
2019,4,"Les Corts",19,"les Corts",11,53980
2019,4,"Les Corts",19,"les Corts",12,49351
2019,4,"Les Corts",19,"les Corts",13,54243
2019,4,"Les Corts",19,"les Corts",14,55195
2019,4,"Les Corts",19,"les Corts",15,50408
2019,4,"Les Corts",19,"les Corts",16,51615
2019,4,"Les Corts",19,"les Corts",17,52405
2019,4,"Les Corts",19,"les Corts",18,52358
2019,4,"Les Corts",19,"les Corts",19,72161
2019,4,"Les Corts",19,"les Corts",20,54020
2019,4,"Les Corts",19,"les Corts",21,61791
2019,4,"Les Corts",19,"les Corts",22,49225
2019,4,"Les Corts",19,"les Corts",23,91479
2019,4,"Les Corts",19,"les Corts",24,91479
2019,4,"Les Corts",19,"les Corts",25,43860
2019,4,"Les Corts",19,"les Corts",26,49050
2019,4,"Les Corts",19,"les Corts",27,49866
2019,4,"Les Corts",19,"les Corts",28,44531
2019,4,"Les Corts",19,"les Corts",29,56366
2019,4,"Les Corts",19,"les Corts",30,54535
2019,4,"Les Corts",19,"les Corts",31,43882
2019,4,"Les Corts",19,"les Corts",32,44460
2019,4,"Les Corts",19,"les Corts",33,42964
2019,4,"Les Corts",19,"les Corts",34,58731
2019,4,"Les Corts",19,"les Corts",35,50281
2019,4,"Les Corts",20,"la Maternitat i Sant Ramon",36,41434
2019,4,"Les Corts",20,"la Maternitat i Sant Ramon",37,47408
2019,4,"Les Corts",20,"la Maternitat i Sant Ramon",38,48713
2019,4,"Les Corts",20,"la Maternitat i Sant Ramon",39,40396
2019,4,"Les Corts",20,"la Maternitat i Sant Ramon",40,35771
2019,4,"Les Corts",20,"la Maternitat i Sant Ramon",41,35696
2019,4,"Les Corts",20,"la Maternitat i Sant Ramon",42,36159
2019,4,"Les Corts",20,"la Maternitat i Sant Ramon",43,56226
2019,4,"Les Corts",20,"la Maternitat i Sant Ramon",44,44198
2019,4,"Les Corts",20,"la Maternitat i Sant Ramon",45,41301
2019,4,"Les Corts",20,"la Maternitat i Sant Ramon",46,64062
2019,4,"Les Corts",20,"la Maternitat i Sant Ramon",47,52587
2019,4,"Les Corts",20,"la Maternitat i Sant Ramon",48,53521
2019,4,"Les Corts",20,"la Maternitat i Sant Ramon",49,74387
2019,4,"Les Corts",21,"Pedralbes",50,89884
2019,4,"Les Corts",21,"Pedralbes",51,54188
2019,4,"Les Corts",21,"Pedralbes",52,91479
2019,4,"Les Corts",21,"Pedralbes",53,56181
2019,4,"Les Corts",21,"Pedralbes",54,73103
2019,4,"Les Corts",21,"Pedralbes",55,91479
2019,4,"Les Corts",21,"Pedralbes",56,91479
2019,4,"Les Corts",20,"la Maternitat i Sant Ramon",84,55277
2019,5,"Sarrià-Sant Gervasi",22,"Vallvidrera, el Tibidabo i les Planes",1,42409
2019,5,"Sarrià-Sant Gervasi",22,"Vallvidrera, el Tibidabo i les Planes",2,69736
2019,5,"Sarrià-Sant Gervasi",22,"Vallvidrera, el Tibidabo i les Planes",3,78757
2019,5,"Sarrià-Sant Gervasi",23,"Sarrià",4,91479
2019,5,"Sarrià-Sant Gervasi",23,"Sarrià",5,80121
2019,5,"Sarrià-Sant Gervasi",23,"Sarrià",6,91479
2019,5,"Sarrià-Sant Gervasi",23,"Sarrià",7,78248
2019,5,"Sarrià-Sant Gervasi",23,"Sarrià",8,85633
2019,5,"Sarrià-Sant Gervasi",23,"Sarrià",9,64670
2019,5,"Sarrià-Sant Gervasi",23,"Sarrià",10,56911
2019,5,"Sarrià-Sant Gervasi",23,"Sarrià",11,66984
2019,5,"Sarrià-Sant Gervasi",23,"Sarrià",12,53122
2019,5,"Sarrià-Sant Gervasi",23,"Sarrià",13,60969
2019,5,"Sarrià-Sant Gervasi",23,"Sarrià",14,70512
2019,5,"Sarrià-Sant Gervasi",23,"Sarrià",15,64002
2019,5,"Sarrià-Sant Gervasi",23,"Sarrià",16,51487
2019,5,"Sarrià-Sant Gervasi",23,"Sarrià",17,91479
2019,5,"Sarrià-Sant Gervasi",23,"Sarrià",18,59739
2019,5,"Sarrià-Sant Gervasi",23,"Sarrià",19,87627
2019,5,"Sarrià-Sant Gervasi",24,"les Tres Torres",20,72560
2019,5,"Sarrià-Sant Gervasi",24,"les Tres Torres",21,88338
2019,5,"Sarrià-Sant Gervasi",24,"les Tres Torres",22,91479
2019,5,"Sarrià-Sant Gervasi",24,"les Tres Torres",23,52630
2019,5,"Sarrià-Sant Gervasi",24,"les Tres Torres",24,91479
2019,5,"Sarrià-Sant Gervasi",24,"les Tres Torres",25,91479
2019,5,"Sarrià-Sant Gervasi",24,"les Tres Torres",26,91479
2019,5,"Sarrià-Sant Gervasi",24,"les Tres Torres",27,91479
2019,5,"Sarrià-Sant Gervasi",24,"les Tres Torres",28,91479
2019,5,"Sarrià-Sant Gervasi",24,"les Tres Torres",29,91479
2019,5,"Sarrià-Sant Gervasi",24,"les Tres Torres",30,91479
2019,5,"Sarrià-Sant Gervasi",25,"Sant Gervasi - la Bonanova",31,91479
2019,5,"Sarrià-Sant Gervasi",25,"Sant Gervasi - la Bonanova",32,91479
2019,5,"Sarrià-Sant Gervasi",25,"Sant Gervasi - la Bonanova",33,86539
2019,5,"Sarrià-Sant Gervasi",25,"Sant Gervasi - la Bonanova",34,63642
2019,5,"Sarrià-Sant Gervasi",25,"Sant Gervasi - la Bonanova",35,91479
2019,5,"Sarrià-Sant Gervasi",25,"Sant Gervasi - la Bonanova",36,88691
2019,5,"Sarrià-Sant Gervasi",25,"Sant Gervasi - la Bonanova",37,58577
2019,5,"Sarrià-Sant Gervasi",25,"Sant Gervasi - la Bonanova",38,48824
2019,5,"Sarrià-Sant Gervasi",25,"Sant Gervasi - la Bonanova",39,80482
2019,5,"Sarrià-Sant Gervasi",25,"Sant Gervasi - la Bonanova",40,53140
2019,5,"Sarrià-Sant Gervasi",25,"Sant Gervasi - la Bonanova",41,59751
2019,5,"Sarrià-Sant Gervasi",25,"Sant Gervasi - la Bonanova",42,52162
2019,5,"Sarrià-Sant Gervasi",25,"Sant Gervasi - la Bonanova",43,55635
2019,5,"Sarrià-Sant Gervasi",25,"Sant Gervasi - la Bonanova",44,54172
2019,5,"Sarrià-Sant Gervasi",25,"Sant Gervasi - la Bonanova",45,81167
2019,5,"Sarrià-Sant Gervasi",25,"Sant Gervasi - la Bonanova",46,91479
2019,5,"Sarrià-Sant Gervasi",25,"Sant Gervasi - la Bonanova",47,80330
2019,5,"Sarrià-Sant Gervasi",25,"Sant Gervasi - la Bonanova",48,75316
2019,5,"Sarrià-Sant Gervasi",26,"Sant Gervasi - Galvany",49,87830
2019,5,"Sarrià-Sant Gervasi",26,"Sant Gervasi - Galvany",50,60955
2019,5,"Sarrià-Sant Gervasi",26,"Sant Gervasi - Galvany",51,73647
2019,5,"Sarrià-Sant Gervasi",26,"Sant Gervasi - Galvany",52,91479
2019,5,"Sarrià-Sant Gervasi",26,"Sant Gervasi - Galvany",53,91479
2019,5,"Sarrià-Sant Gervasi",26,"Sant Gervasi - Galvany",54,91479
2019,5,"Sarrià-Sant Gervasi",26,"Sant Gervasi - Galvany",55,91479
2019,5,"Sarrià-Sant Gervasi",26,"Sant Gervasi - Galvany",56,55765
2019,5,"Sarrià-Sant Gervasi",26,"Sant Gervasi - Galvany",57,74049
2019,5,"Sarrià-Sant Gervasi",26,"Sant Gervasi - Galvany",58,87875
2019,5,"Sarrià-Sant Gervasi",26,"Sant Gervasi - Galvany",59,73505
2019,5,"Sarrià-Sant Gervasi",26,"Sant Gervasi - Galvany",60,90030
2019,5,"Sarrià-Sant Gervasi",26,"Sant Gervasi - Galvany",61,51472
2019,5,"Sarrià-Sant Gervasi",26,"Sant Gervasi - Galvany",62,55163
2019,5,"Sarrià-Sant Gervasi",26,"Sant Gervasi - Galvany",63,73479
2019,5,"Sarrià-Sant Gervasi",26,"Sant Gervasi - Galvany",64,58528
2019,5,"Sarrià-Sant Gervasi",26,"Sant Gervasi - Galvany",65,58307
2019,5,"Sarrià-Sant Gervasi",26,"Sant Gervasi - Galvany",66,71976
2019,5,"Sarrià-Sant Gervasi",26,"Sant Gervasi - Galvany",67,70155
2019,5,"Sarrià-Sant Gervasi",26,"Sant Gervasi - Galvany",68,54509
2019,5,"Sarrià-Sant Gervasi",26,"Sant Gervasi - Galvany",69,61710
2019,5,"Sarrià-Sant Gervasi",26,"Sant Gervasi - Galvany",70,55368
2019,5,"Sarrià-Sant Gervasi",26,"Sant Gervasi - Galvany",71,51152
2019,5,"Sarrià-Sant Gervasi",26,"Sant Gervasi - Galvany",72,62324
2019,5,"Sarrià-Sant Gervasi",26,"Sant Gervasi - Galvany",73,53897
2019,5,"Sarrià-Sant Gervasi",26,"Sant Gervasi - Galvany",74,65249
2019,5,"Sarrià-Sant Gervasi",26,"Sant Gervasi - Galvany",75,55672
2019,5,"Sarrià-Sant Gervasi",26,"Sant Gervasi - Galvany",76,60893
2019,5,"Sarrià-Sant Gervasi",26,"Sant Gervasi - Galvany",77,77798
2019,5,"Sarrià-Sant Gervasi",26,"Sant Gervasi - Galvany",78,70624
2019,5,"Sarrià-Sant Gervasi",26,"Sant Gervasi - Galvany",79,63347
2019,5,"Sarrià-Sant Gervasi",27,"el Putget i Farró",80,50725
2019,5,"Sarrià-Sant Gervasi",27,"el Putget i Farró",81,54169
2019,5,"Sarrià-Sant Gervasi",27,"el Putget i Farró",82,46596
2019,5,"Sarrià-Sant Gervasi",27,"el Putget i Farró",83,48138
2019,5,"Sarrià-Sant Gervasi",27,"el Putget i Farró",84,55420
2019,5,"Sarrià-Sant Gervasi",27,"el Putget i Farró",85,43557
2019,5,"Sarrià-Sant Gervasi",27,"el Putget i Farró",86,47235
2019,5,"Sarrià-Sant Gervasi",27,"el Putget i Farró",87,49205
2019,5,"Sarrià-Sant Gervasi",27,"el Putget i Farró",88,55766
2019,5,"Sarrià-Sant Gervasi",27,"el Putget i Farró",89,55670
2019,5,"Sarrià-Sant Gervasi",27,"el Putget i Farró",90,48814
2019,5,"Sarrià-Sant Gervasi",27,"el Putget i Farró",91,50295
2019,5,"Sarrià-Sant Gervasi",27,"el Putget i Farró",92,78698
2019,5,"Sarrià-Sant Gervasi",27,"el Putget i Farró",93,58065
2019,5,"Sarrià-Sant Gervasi",27,"el Putget i Farró",94,65145
2019,5,"Sarrià-Sant Gervasi",27,"el Putget i Farró",95,49314
2019,5,"Sarrià-Sant Gervasi",27,"el Putget i Farró",96,44678
2019,5,"Sarrià-Sant Gervasi",27,"el Putget i Farró",97,57234
2019,5,"Sarrià-Sant Gervasi",27,"el Putget i Farró",98,47681
2019,6,"Gràcia",28,"Vallcarca i els Penitents",1,41154
2019,6,"Gràcia",28,"Vallcarca i els Penitents",2,38923
2019,6,"Gràcia",28,"Vallcarca i els Penitents",3,38267
2019,6,"Gràcia",28,"Vallcarca i els Penitents",4,43414
2019,6,"Gràcia",28,"Vallcarca i els Penitents",6,56779
2019,6,"Gràcia",28,"Vallcarca i els Penitents",7,48191
2019,6,"Gràcia",28,"Vallcarca i els Penitents",8,41387
2019,6,"Gràcia",28,"Vallcarca i els Penitents",9,60473
2019,6,"Gràcia",28,"Vallcarca i els Penitents",10,51788
2019,6,"Gràcia",28,"Vallcarca i els Penitents",11,49610
2019,6,"Gràcia",28,"Vallcarca i els Penitents",12,53725
2019,6,"Gràcia",29,"el Coll",13,41427
2019,6,"Gràcia",29,"el Coll",14,41415
2019,6,"Gràcia",29,"el Coll",15,34532
2019,6,"Gràcia",29,"el Coll",16,33761
2019,6,"Gràcia",29,"el Coll",17,34538
2019,6,"Gràcia",30,"la Salut",18,38081
2019,6,"Gràcia",30,"la Salut",19,39763
2019,6,"Gràcia",30,"la Salut",20,38728
2019,6,"Gràcia",30,"la Salut",21,47575
2019,6,"Gràcia",30,"la Salut",22,44091
2019,6,"Gràcia",30,"la Salut",23,62178
2019,6,"Gràcia",30,"la Salut",24,42681
2019,6,"Gràcia",30,"la Salut",25,47118
2019,6,"Gràcia",30,"la Salut",26,40538
2019,6,"Gràcia",30,"la Salut",27,46528
2019,6,"Gràcia",31,"Vila de Gràcia",28,37976
2019,6,"Gràcia",31,"Vila de Gràcia",29,39109
2019,6,"Gràcia",31,"Vila de Gràcia",30,36013
2019,6,"Gràcia",31,"Vila de Gràcia",31,37519
2019,6,"Gràcia",31,"Vila de Gràcia",32,37750
2019,6,"Gràcia",31,"Vila de Gràcia",33,37139
2019,6,"Gràcia",31,"Vila de Gràcia",34,38139
2019,6,"Gràcia",31,"Vila de Gràcia",35,50475
2019,6,"Gràcia",31,"Vila de Gràcia",36,40515
2019,6,"Gràcia",31,"Vila de Gràcia",37,44219
2019,6,"Gràcia",31,"Vila de Gràcia",38,38287
2019,6,"Gràcia",31,"Vila de Gràcia",39,34812
2019,6,"Gràcia",31,"Vila de Gràcia",40,45143
2019,6,"Gràcia",31,"Vila de Gràcia",41,46277
2019,6,"Gràcia",31,"Vila de Gràcia",42,48766
2019,6,"Gràcia",31,"Vila de Gràcia",43,45990
2019,6,"Gràcia",31,"Vila de Gràcia",44,51291
2019,6,"Gràcia",31,"Vila de Gràcia",45,37990
2019,6,"Gràcia",31,"Vila de Gràcia",46,37322
2019,6,"Gràcia",31,"Vila de Gràcia",47,32029
2019,6,"Gràcia",31,"Vila de Gràcia",48,36314
2019,6,"Gràcia",31,"Vila de Gràcia",49,39662
2019,6,"Gràcia",31,"Vila de Gràcia",50,33999
2019,6,"Gràcia",31,"Vila de Gràcia",51,38239
2019,6,"Gràcia",31,"Vila de Gràcia",52,35187
2019,6,"Gràcia",31,"Vila de Gràcia",53,39006
2019,6,"Gràcia",31,"Vila de Gràcia",54,37075
2019,6,"Gràcia",31,"Vila de Gràcia",55,39157
2019,6,"Gràcia",31,"Vila de Gràcia",56,31460
2019,6,"Gràcia",31,"Vila de Gràcia",57,33059
2019,6,"Gràcia",31,"Vila de Gràcia",58,37052
2019,6,"Gràcia",31,"Vila de Gràcia",59,35954
2019,6,"Gràcia",31,"Vila de Gràcia",60,37185
2019,6,"Gràcia",31,"Vila de Gràcia",61,37372
2019,6,"Gràcia",31,"Vila de Gràcia",62,36149
2019,6,"Gràcia",31,"Vila de Gràcia",63,35391
2019,6,"Gràcia",32,"el Camp d'en Grassot i Gràcia Nova",64,42723
2019,6,"Gràcia",32,"el Camp d'en Grassot i Gràcia Nova",65,50596
2019,6,"Gràcia",32,"el Camp d'en Grassot i Gràcia Nova",66,36352
2019,6,"Gràcia",32,"el Camp d'en Grassot i Gràcia Nova",67,39252
2019,6,"Gràcia",32,"el Camp d'en Grassot i Gràcia Nova",68,46878
2019,6,"Gràcia",32,"el Camp d'en Grassot i Gràcia Nova",69,43009
2019,6,"Gràcia",32,"el Camp d'en Grassot i Gràcia Nova",70,38871
2019,6,"Gràcia",32,"el Camp d'en Grassot i Gràcia Nova",71,43881
2019,6,"Gràcia",32,"el Camp d'en Grassot i Gràcia Nova",72,46690
2019,6,"Gràcia",32,"el Camp d'en Grassot i Gràcia Nova",73,39546
2019,6,"Gràcia",32,"el Camp d'en Grassot i Gràcia Nova",74,42033
2019,6,"Gràcia",32,"el Camp d'en Grassot i Gràcia Nova",75,50783
2019,6,"Gràcia",32,"el Camp d'en Grassot i Gràcia Nova",76,45200
2019,6,"Gràcia",32,"el Camp d'en Grassot i Gràcia Nova",77,38155
2019,6,"Gràcia",32,"el Camp d'en Grassot i Gràcia Nova",78,35997
2019,6,"Gràcia",32,"el Camp d'en Grassot i Gràcia Nova",79,39012
2019,6,"Gràcia",32,"el Camp d'en Grassot i Gràcia Nova",80,40416
2019,6,"Gràcia",32,"el Camp d'en Grassot i Gràcia Nova",81,39702
2019,6,"Gràcia",32,"el Camp d'en Grassot i Gràcia Nova",82,46230
2019,6,"Gràcia",32,"el Camp d'en Grassot i Gràcia Nova",83,47431
2019,6,"Gràcia",32,"el Camp d'en Grassot i Gràcia Nova",84,40340
2019,6,"Gràcia",32,"el Camp d'en Grassot i Gràcia Nova",85,43985
2019,6,"Gràcia",32,"el Camp d'en Grassot i Gràcia Nova",86,50895
2019,6,"Gràcia",32,"el Camp d'en Grassot i Gràcia Nova",87,53103
2019,6,"Gràcia",32,"el Camp d'en Grassot i Gràcia Nova",88,40492
2019,7,"Horta-Guinardó",33,"el Baix Guinardó",1,43282
2019,7,"Horta-Guinardó",33,"el Baix Guinardó",2,31030
2019,7,"Horta-Guinardó",33,"el Baix Guinardó",3,41836
2019,7,"Horta-Guinardó",33,"el Baix Guinardó",4,35868
2019,7,"Horta-Guinardó",33,"el Baix Guinardó",5,35641
2019,7,"Horta-Guinardó",33,"el Baix Guinardó",6,43288
2019,7,"Horta-Guinardó",33,"el Baix Guinardó",7,35678
2019,7,"Horta-Guinardó",33,"el Baix Guinardó",8,43461
2019,7,"Horta-Guinardó",33,"el Baix Guinardó",9,34355
2019,7,"Horta-Guinardó",33,"el Baix Guinardó",10,40842
2019,7,"Horta-Guinardó",33,"el Baix Guinardó",11,35776
2019,7,"Horta-Guinardó",33,"el Baix Guinardó",12,34793
2019,7,"Horta-Guinardó",33,"el Baix Guinardó",13,48007
2019,7,"Horta-Guinardó",33,"el Baix Guinardó",14,32195
2019,7,"Horta-Guinardó",33,"el Baix Guinardó",15,40344
2019,7,"Horta-Guinardó",33,"el Baix Guinardó",16,44848
2019,7,"Horta-Guinardó",33,"el Baix Guinardó",17,36155
2019,7,"Horta-Guinardó",33,"el Baix Guinardó",18,40172
2019,7,"Horta-Guinardó",33,"el Baix Guinardó",19,38514
2019,7,"Horta-Guinardó",34,"Can Baró",20,36945
2019,7,"Horta-Guinardó",34,"Can Baró",21,46956
2019,7,"Horta-Guinardó",34,"Can Baró",22,37191
2019,7,"Horta-Guinardó",34,"Can Baró",23,29638
2019,7,"Horta-Guinardó",34,"Can Baró",24,32840
2019,7,"Horta-Guinardó",34,"Can Baró",25,33599
2019,7,"Horta-Guinardó",34,"Can Baró",26,34711
2019,7,"Horta-Guinardó",35,"el Guinardó",27,35649
2019,7,"Horta-Guinardó",35,"el Guinardó",28,37735
2019,7,"Horta-Guinardó",35,"el Guinardó",29,38989
2019,7,"Horta-Guinardó",35,"el Guinardó",30,33240
2019,7,"Horta-Guinardó",35,"el Guinardó",31,33439
2019,7,"Horta-Guinardó",35,"el Guinardó",32,37110
2019,7,"Horta-Guinardó",35,"el Guinardó",33,39623
2019,7,"Horta-Guinardó",35,"el Guinardó",34,43013
2019,7,"Horta-Guinardó",35,"el Guinardó",35,42887
2019,7,"Horta-Guinardó",35,"el Guinardó",36,42078
2019,7,"Horta-Guinardó",35,"el Guinardó",37,38311
2019,7,"Horta-Guinardó",35,"el Guinardó",38,36250
2019,7,"Horta-Guinardó",35,"el Guinardó",39,40621
2019,7,"Horta-Guinardó",35,"el Guinardó",40,34871
2019,7,"Horta-Guinardó",35,"el Guinardó",41,34323
2019,7,"Horta-Guinardó",35,"el Guinardó",42,36087
2019,7,"Horta-Guinardó",35,"el Guinardó",43,37296
2019,7,"Horta-Guinardó",35,"el Guinardó",44,39303
2019,7,"Horta-Guinardó",35,"el Guinardó",45,35841
2019,7,"Horta-Guinardó",35,"el Guinardó",46,35376
2019,7,"Horta-Guinardó",35,"el Guinardó",47,36080
2019,7,"Horta-Guinardó",35,"el Guinardó",48,35935
2019,7,"Horta-Guinardó",35,"el Guinardó",49,37073
2019,7,"Horta-Guinardó",35,"el Guinardó",50,34897
2019,7,"Horta-Guinardó",35,"el Guinardó",51,37750
2019,7,"Horta-Guinardó",36,"la Font d'en Fargues",52,50081
2019,7,"Horta-Guinardó",36,"la Font d'en Fargues",53,42099
2019,7,"Horta-Guinardó",36,"la Font d'en Fargues",54,51710
2019,7,"Horta-Guinardó",36,"la Font d'en Fargues",55,51898
2019,7,"Horta-Guinardó",36,"la Font d'en Fargues",56,41796
2019,7,"Horta-Guinardó",36,"la Font d'en Fargues",57,43858
2019,7,"Horta-Guinardó",36,"la Font d'en Fargues",58,41805
2019,7,"Horta-Guinardó",37,"el Carmel",59,29011
2019,7,"Horta-Guinardó",37,"el Carmel",60,29081
2019,7,"Horta-Guinardó",37,"el Carmel",61,31367
2019,7,"Horta-Guinardó",37,"el Carmel",62,30349
2019,7,"Horta-Guinardó",37,"el Carmel",63,27990
2019,7,"Horta-Guinardó",37,"el Carmel",64,29883
2019,7,"Horta-Guinardó",37,"el Carmel",65,25474
2019,7,"Horta-Guinardó",37,"el Carmel",66,27175
2019,7,"Horta-Guinardó",37,"el Carmel",67,25610
2019,7,"Horta-Guinardó",37,"el Carmel",68,26706
2019,7,"Horta-Guinardó",37,"el Carmel",69,26524
2019,7,"Horta-Guinardó",37,"el Carmel",70,29186
2019,7,"Horta-Guinardó",37,"el Carmel",71,32306
2019,7,"Horta-Guinardó",37,"el Carmel",72,31223
2019,7,"Horta-Guinardó",37,"el Carmel",73,27405
2019,7,"Horta-Guinardó",37,"el Carmel",74,29287
2019,7,"Horta-Guinardó",37,"el Carmel",75,29980
2019,7,"Horta-Guinardó",37,"el Carmel",76,28499
2019,7,"Horta-Guinardó",37,"el Carmel",77,27902
2019,7,"Horta-Guinardó",37,"el Carmel",78,29228
2019,7,"Horta-Guinardó",37,"el Carmel",79,28391
2019,7,"Horta-Guinardó",37,"el Carmel",80,30882
2019,7,"Horta-Guinardó",38,"la Teixonera",81,32719
2019,7,"Horta-Guinardó",38,"la Teixonera",82,30290
2019,7,"Horta-Guinardó",38,"la Teixonera",83,29272
2019,7,"Horta-Guinardó",38,"la Teixonera",84,29342
2019,7,"Horta-Guinardó",38,"la Teixonera",85,32902
2019,7,"Horta-Guinardó",38,"la Teixonera",86,29021
2019,7,"Horta-Guinardó",38,"la Teixonera",87,29127
2019,7,"Horta-Guinardó",38,"la Teixonera",88,32422
2019,7,"Horta-Guinardó",39,"Sant Genís dels Agudells",89,38346
2019,7,"Horta-Guinardó",39,"Sant Genís dels Agudells",90,34632
2019,7,"Horta-Guinardó",39,"Sant Genís dels Agudells",91,33368
2019,7,"Horta-Guinardó",39,"Sant Genís dels Agudells",92,28787
2019,7,"Horta-Guinardó",39,"Sant Genís dels Agudells",93,33349
2019,7,"Horta-Guinardó",40,"Montbau",94,32480
2019,7,"Horta-Guinardó",40,"Montbau",95,36778
2019,7,"Horta-Guinardó",40,"Montbau",96,32260
2019,7,"Horta-Guinardó",40,"Montbau",97,38626
2019,7,"Horta-Guinardó",41,"la Vall d'Hebron",98,49861
2019,7,"Horta-Guinardó",41,"la Vall d'Hebron",99,42850
2019,7,"Horta-Guinardó",41,"la Vall d'Hebron",100,35240
2019,7,"Horta-Guinardó",41,"la Vall d'Hebron",101,36228
2019,7,"Horta-Guinardó",42,"la Clota",102,35571
2019,7,"Horta-Guinardó",43,"Horta",103,35467
2019,7,"Horta-Guinardó",43,"Horta",104,31555
2019,7,"Horta-Guinardó",43,"Horta",105,39339
2019,7,"Horta-Guinardó",43,"Horta",106,38528
2019,7,"Horta-Guinardó",43,"Horta",107,46328
2019,7,"Horta-Guinardó",43,"Horta",108,40569
2019,7,"Horta-Guinardó",43,"Horta",109,30080
2019,7,"Horta-Guinardó",43,"Horta",110,41681
2019,7,"Horta-Guinardó",43,"Horta",111,44772
2019,7,"Horta-Guinardó",43,"Horta",112,40035
2019,7,"Horta-Guinardó",43,"Horta",113,34559
2019,7,"Horta-Guinardó",43,"Horta",114,39773
2019,7,"Horta-Guinardó",43,"Horta",115,45687
2019,7,"Horta-Guinardó",43,"Horta",116,35645
2019,7,"Horta-Guinardó",43,"Horta",117,37292
2019,7,"Horta-Guinardó",43,"Horta",118,38496
2019,7,"Horta-Guinardó",43,"Horta",119,33080
2019,7,"Horta-Guinardó",43,"Horta",120,35163
2019,7,"Horta-Guinardó",43,"Horta",121,31619
2019,7,"Horta-Guinardó",43,"Horta",122,34291
2019,7,"Horta-Guinardó",43,"Horta",123,36647
2019,8,"Nou Barris",44,"Vilapicina i la Torre Llobeta",1,33492
2019,8,"Nou Barris",44,"Vilapicina i la Torre Llobeta",2,37567
2019,8,"Nou Barris",44,"Vilapicina i la Torre Llobeta",3,34210
2019,8,"Nou Barris",44,"Vilapicina i la Torre Llobeta",4,33182
2019,8,"Nou Barris",44,"Vilapicina i la Torre Llobeta",5,36560
2019,8,"Nou Barris",44,"Vilapicina i la Torre Llobeta",6,38044
2019,8,"Nou Barris",44,"Vilapicina i la Torre Llobeta",7,39153
2019,8,"Nou Barris",44,"Vilapicina i la Torre Llobeta",8,36905
2019,8,"Nou Barris",44,"Vilapicina i la Torre Llobeta",9,35103
2019,8,"Nou Barris",44,"Vilapicina i la Torre Llobeta",10,38414
2019,8,"Nou Barris",44,"Vilapicina i la Torre Llobeta",11,42795
2019,8,"Nou Barris",44,"Vilapicina i la Torre Llobeta",12,34381
2019,8,"Nou Barris",44,"Vilapicina i la Torre Llobeta",13,35956
2019,8,"Nou Barris",44,"Vilapicina i la Torre Llobeta",14,33428
2019,8,"Nou Barris",44,"Vilapicina i la Torre Llobeta",15,32616
2019,8,"Nou Barris",44,"Vilapicina i la Torre Llobeta",16,32551
2019,8,"Nou Barris",44,"Vilapicina i la Torre Llobeta",17,36943
2019,8,"Nou Barris",44,"Vilapicina i la Torre Llobeta",18,36849
2019,8,"Nou Barris",44,"Vilapicina i la Torre Llobeta",19,32513
2019,8,"Nou Barris",45,"Porta",20,32156
2019,8,"Nou Barris",45,"Porta",21,34448
2019,8,"Nou Barris",45,"Porta",22,37777
2019,8,"Nou Barris",45,"Porta",23,30655
2019,8,"Nou Barris",45,"Porta",24,33087
2019,8,"Nou Barris",45,"Porta",25,28877
2019,8,"Nou Barris",45,"Porta",26,35172
2019,8,"Nou Barris",45,"Porta",27,35917
2019,8,"Nou Barris",45,"Porta",28,32174
2019,8,"Nou Barris",45,"Porta",29,27742
2019,8,"Nou Barris",45,"Porta",30,31850
2019,8,"Nou Barris",45,"Porta",31,31436
2019,8,"Nou Barris",45,"Porta",32,35638
2019,8,"Nou Barris",45,"Porta",33,29567
2019,8,"Nou Barris",45,"Porta",34,27416
2019,8,"Nou Barris",45,"Porta",35,28805
2019,8,"Nou Barris",45,"Porta",36,26938
2019,8,"Nou Barris",45,"Porta",37,30712
2019,8,"Nou Barris",46,"el Turó de la Peira",38,29934
2019,8,"Nou Barris",46,"el Turó de la Peira",39,29374
2019,8,"Nou Barris",46,"el Turó de la Peira",40,25769
2019,8,"Nou Barris",46,"el Turó de la Peira",41,25352
2019,8,"Nou Barris",46,"el Turó de la Peira",42,34933
2019,8,"Nou Barris",46,"el Turó de la Peira",43,28154
2019,8,"Nou Barris",46,"el Turó de la Peira",44,26809
2019,8,"Nou Barris",46,"el Turó de la Peira",45,28020
2019,8,"Nou Barris",46,"el Turó de la Peira",46,26721
2019,8,"Nou Barris",46,"el Turó de la Peira",47,25587
2019,8,"Nou Barris",47,"Can Peguera",48,22491
2019,8,"Nou Barris",47,"Can Peguera",49,26591
2019,8,"Nou Barris",48,"la Guineueta",50,41248
2019,8,"Nou Barris",48,"la Guineueta",51,40049
2019,8,"Nou Barris",48,"la Guineueta",52,32566
2019,8,"Nou Barris",48,"la Guineueta",53,39465
2019,8,"Nou Barris",48,"la Guineueta",54,33805
2019,8,"Nou Barris",48,"la Guineueta",55,46085
2019,8,"Nou Barris",48,"la Guineueta",56,31484
2019,8,"Nou Barris",48,"la Guineueta",57,32294
2019,8,"Nou Barris",48,"la Guineueta",58,29242
2019,8,"Nou Barris",48,"la Guineueta",59,31650
2019,8,"Nou Barris",49,"Canyelles",60,35542
2019,8,"Nou Barris",49,"Canyelles",61,30373
2019,8,"Nou Barris",49,"Canyelles",62,35914
2019,8,"Nou Barris",49,"Canyelles",63,39156
2019,8,"Nou Barris",49,"Canyelles",64,32300
2019,8,"Nou Barris",50,"les Roquetes",65,26738
2019,8,"Nou Barris",50,"les Roquetes",66,25185
2019,8,"Nou Barris",50,"les Roquetes",67,30002
2019,8,"Nou Barris",50,"les Roquetes",68,27182
2019,8,"Nou Barris",50,"les Roquetes",69,27163
2019,8,"Nou Barris",50,"les Roquetes",70,25223
2019,8,"Nou Barris",50,"les Roquetes",71,27306
2019,8,"Nou Barris",50,"les Roquetes",72,30383
2019,8,"Nou Barris",50,"les Roquetes",73,23171
2019,8,"Nou Barris",50,"les Roquetes",74,25814
2019,8,"Nou Barris",51,"Verdun",75,27181
2019,8,"Nou Barris",51,"Verdun",76,28100
2019,8,"Nou Barris",51,"Verdun",77,25397
2019,8,"Nou Barris",51,"Verdun",78,23908
2019,8,"Nou Barris",51,"Verdun",79,25359
2019,8,"Nou Barris",51,"Verdun",80,28256
2019,8,"Nou Barris",51,"Verdun",81,26211
2019,8,"Nou Barris",51,"Verdun",82,26290
2019,8,"Nou Barris",52,"la Prosperitat",83,28738
2019,8,"Nou Barris",52,"la Prosperitat",84,29452
2019,8,"Nou Barris",52,"la Prosperitat",85,28231
2019,8,"Nou Barris",52,"la Prosperitat",86,29959
2019,8,"Nou Barris",52,"la Prosperitat",87,28940
2019,8,"Nou Barris",52,"la Prosperitat",88,27913
2019,8,"Nou Barris",52,"la Prosperitat",89,28483
2019,8,"Nou Barris",52,"la Prosperitat",90,30661
2019,8,"Nou Barris",52,"la Prosperitat",91,30853
2019,8,"Nou Barris",52,"la Prosperitat",92,32021
2019,8,"Nou Barris",52,"la Prosperitat",93,28431
2019,8,"Nou Barris",52,"la Prosperitat",94,29862
2019,8,"Nou Barris",52,"la Prosperitat",95,36218
2019,8,"Nou Barris",52,"la Prosperitat",96,31339
2019,8,"Nou Barris",52,"la Prosperitat",97,29204
2019,8,"Nou Barris",52,"la Prosperitat",98,28476
2019,8,"Nou Barris",52,"la Prosperitat",99,29891
2019,8,"Nou Barris",52,"la Prosperitat",100,28210
2019,8,"Nou Barris",52,"la Prosperitat",101,30372
2019,8,"Nou Barris",52,"la Prosperitat",102,24899
2019,8,"Nou Barris",53,"la Trinitat Nova",103,22067
2019,8,"Nou Barris",53,"la Trinitat Nova",104,24648
2019,8,"Nou Barris",53,"la Trinitat Nova",105,26059
2019,8,"Nou Barris",53,"la Trinitat Nova",106,27330
2019,8,"Nou Barris",53,"la Trinitat Nova",107,25314
2019,8,"Nou Barris",54,"Torre Baró",108,26849
2019,8,"Nou Barris",54,"Torre Baró",109,28146
2019,8,"Nou Barris",55,"Ciutat Meridiana",110,21610
2019,8,"Nou Barris",55,"Ciutat Meridiana",111,25266
2019,8,"Nou Barris",55,"Ciutat Meridiana",112,25732
2019,8,"Nou Barris",55,"Ciutat Meridiana",113,24992
2019,8,"Nou Barris",55,"Ciutat Meridiana",114,27346
2019,8,"Nou Barris",55,"Ciutat Meridiana",115,25456
2019,8,"Nou Barris",56,"Vallbona",116,26316
2019,8,"Nou Barris",48,"la Guineueta",215,37223
2019,9,"Sant Andreu",57,"la Trinitat Vella",1,24785
2019,9,"Sant Andreu",57,"la Trinitat Vella",2,24839
2019,9,"Sant Andreu",57,"la Trinitat Vella",3,25503
2019,9,"Sant Andreu",57,"la Trinitat Vella",4,27518
2019,9,"Sant Andreu",57,"la Trinitat Vella",5,34072
2019,9,"Sant Andreu",58,"Baró de Viver",6,25734
2019,9,"Sant Andreu",58,"Baró de Viver",7,23466
2019,9,"Sant Andreu",59,"el Bon Pastor",8,49808
2019,9,"Sant Andreu",59,"el Bon Pastor",9,36910
2019,9,"Sant Andreu",59,"el Bon Pastor",10,30189
2019,9,"Sant Andreu",59,"el Bon Pastor",11,27791
2019,9,"Sant Andreu",59,"el Bon Pastor",13,25258
2019,9,"Sant Andreu",59,"el Bon Pastor",14,27653
2019,9,"Sant Andreu",59,"el Bon Pastor",15,27839
2019,9,"Sant Andreu",60,"Sant Andreu",16,39425
2019,9,"Sant Andreu",60,"Sant Andreu",17,39924
2019,9,"Sant Andreu",60,"Sant Andreu",18,36354
2019,9,"Sant Andreu",60,"Sant Andreu",19,44884
2019,9,"Sant Andreu",60,"Sant Andreu",20,38626
2019,9,"Sant Andreu",60,"Sant Andreu",21,41391
2019,9,"Sant Andreu",60,"Sant Andreu",22,41265
2019,9,"Sant Andreu",60,"Sant Andreu",23,43810
2019,9,"Sant Andreu",60,"Sant Andreu",24,38458
2019,9,"Sant Andreu",60,"Sant Andreu",25,38354
2019,9,"Sant Andreu",60,"Sant Andreu",26,42081
2019,9,"Sant Andreu",60,"Sant Andreu",27,41316
2019,9,"Sant Andreu",60,"Sant Andreu",28,50717
2019,9,"Sant Andreu",60,"Sant Andreu",29,37087
2019,9,"Sant Andreu",60,"Sant Andreu",30,42251
2019,9,"Sant Andreu",60,"Sant Andreu",31,43225
2019,9,"Sant Andreu",60,"Sant Andreu",32,32709
2019,9,"Sant Andreu",60,"Sant Andreu",33,32909
2019,9,"Sant Andreu",60,"Sant Andreu",34,31672
2019,9,"Sant Andreu",60,"Sant Andreu",35,36980
2019,9,"Sant Andreu",60,"Sant Andreu",36,38562
2019,9,"Sant Andreu",60,"Sant Andreu",37,33742
2019,9,"Sant Andreu",60,"Sant Andreu",38,41925
2019,9,"Sant Andreu",60,"Sant Andreu",39,36523
2019,9,"Sant Andreu",60,"Sant Andreu",40,39892
2019,9,"Sant Andreu",60,"Sant Andreu",41,35547
2019,9,"Sant Andreu",60,"Sant Andreu",42,38910
2019,9,"Sant Andreu",60,"Sant Andreu",43,34936
2019,9,"Sant Andreu",60,"Sant Andreu",44,37255
2019,9,"Sant Andreu",60,"Sant Andreu",45,37976
2019,9,"Sant Andreu",60,"Sant Andreu",46,38938
2019,9,"Sant Andreu",60,"Sant Andreu",47,39225
2019,9,"Sant Andreu",60,"Sant Andreu",48,36934
2019,9,"Sant Andreu",60,"Sant Andreu",49,38565
2019,9,"Sant Andreu",60,"Sant Andreu",50,39363
2019,9,"Sant Andreu",60,"Sant Andreu",51,38479
2019,9,"Sant Andreu",60,"Sant Andreu",52,39320
2019,9,"Sant Andreu",60,"Sant Andreu",53,40925
2019,9,"Sant Andreu",60,"Sant Andreu",54,40980
2019,9,"Sant Andreu",61,"la Sagrera",55,37911
2019,9,"Sant Andreu",61,"la Sagrera",56,39395
2019,9,"Sant Andreu",61,"la Sagrera",57,35820
2019,9,"Sant Andreu",61,"la Sagrera",58,40490
2019,9,"Sant Andreu",61,"la Sagrera",59,35828
2019,9,"Sant Andreu",61,"la Sagrera",60,36191
2019,9,"Sant Andreu",61,"la Sagrera",61,42440
2019,9,"Sant Andreu",61,"la Sagrera",62,32049
2019,9,"Sant Andreu",61,"la Sagrera",63,41302
2019,9,"Sant Andreu",61,"la Sagrera",64,42946
2019,9,"Sant Andreu",61,"la Sagrera",65,37894
2019,9,"Sant Andreu",61,"la Sagrera",66,39636
2019,9,"Sant Andreu",61,"la Sagrera",67,34994
2019,9,"Sant Andreu",61,"la Sagrera",68,39744
2019,9,"Sant Andreu",61,"la Sagrera",69,35795
2019,9,"Sant Andreu",61,"la Sagrera",70,26966
2019,9,"Sant Andreu",61,"la Sagrera",71,35719
2019,9,"Sant Andreu",61,"la Sagrera",72,29292
2019,9,"Sant Andreu",61,"la Sagrera",73,37999
2019,9,"Sant Andreu",62,"el Congrés i els Indians",74,35107
2019,9,"Sant Andreu",62,"el Congrés i els Indians",75,37580
2019,9,"Sant Andreu",62,"el Congrés i els Indians",76,33296
2019,9,"Sant Andreu",62,"el Congrés i els Indians",77,34085
2019,9,"Sant Andreu",62,"el Congrés i els Indians",78,36736
2019,9,"Sant Andreu",62,"el Congrés i els Indians",79,38217
2019,9,"Sant Andreu",62,"el Congrés i els Indians",80,40754
2019,9,"Sant Andreu",62,"el Congrés i els Indians",81,37509
2019,9,"Sant Andreu",62,"el Congrés i els Indians",82,36405
2019,9,"Sant Andreu",63,"Navas",83,36720
2019,9,"Sant Andreu",63,"Navas",84,41424
2019,9,"Sant Andreu",63,"Navas",85,38397
2019,9,"Sant Andreu",63,"Navas",86,37489
2019,9,"Sant Andreu",63,"Navas",87,41397
2019,9,"Sant Andreu",63,"Navas",88,33334
2019,9,"Sant Andreu",63,"Navas",89,33892
2019,9,"Sant Andreu",63,"Navas",90,36014
2019,9,"Sant Andreu",63,"Navas",91,39655
2019,9,"Sant Andreu",63,"Navas",92,37040
2019,9,"Sant Andreu",63,"Navas",93,36743
2019,9,"Sant Andreu",63,"Navas",94,36346
2019,9,"Sant Andreu",63,"Navas",95,36786
2019,9,"Sant Andreu",61,"la Sagrera",156,37996
2019,10,"Sant Martí",64,"Camp de l'Arpa del Clot",1,32429
2019,10,"Sant Martí",64,"Camp de l'Arpa del Clot",2,33579
2019,10,"Sant Martí",64,"Camp de l'Arpa del Clot",3,36499
2019,10,"Sant Martí",64,"Camp de l'Arpa del Clot",4,36376
2019,10,"Sant Martí",64,"Camp de l'Arpa del Clot",5,39905
2019,10,"Sant Martí",64,"Camp de l'Arpa del Clot",6,39451
2019,10,"Sant Martí",64,"Camp de l'Arpa del Clot",7,46531
2019,10,"Sant Martí",64,"Camp de l'Arpa del Clot",8,34807
2019,10,"Sant Martí",64,"Camp de l'Arpa del Clot",9,35689
2019,10,"Sant Martí",64,"Camp de l'Arpa del Clot",10,33992
2019,10,"Sant Martí",64,"Camp de l'Arpa del Clot",11,40415
2019,10,"Sant Martí",64,"Camp de l'Arpa del Clot",12,40767
2019,10,"Sant Martí",64,"Camp de l'Arpa del Clot",13,35598
2019,10,"Sant Martí",64,"Camp de l'Arpa del Clot",14,35787
2019,10,"Sant Martí",64,"Camp de l'Arpa del Clot",15,36985
2019,10,"Sant Martí",64,"Camp de l'Arpa del Clot",16,40829
2019,10,"Sant Martí",64,"Camp de l'Arpa del Clot",17,37560
2019,10,"Sant Martí",64,"Camp de l'Arpa del Clot",18,35296
2019,10,"Sant Martí",64,"Camp de l'Arpa del Clot",19,36413
2019,10,"Sant Martí",64,"Camp de l'Arpa del Clot",20,33161
2019,10,"Sant Martí",64,"Camp de l'Arpa del Clot",21,35139
2019,10,"Sant Martí",64,"Camp de l'Arpa del Clot",22,36072
2019,10,"Sant Martí",64,"Camp de l'Arpa del Clot",23,35677
2019,10,"Sant Martí",64,"Camp de l'Arpa del Clot",24,38772
2019,10,"Sant Martí",64,"Camp de l'Arpa del Clot",25,35924
2019,10,"Sant Martí",65,"el Clot",26,41204
2019,10,"Sant Martí",65,"el Clot",27,37719
2019,10,"Sant Martí",65,"el Clot",28,39206
2019,10,"Sant Martí",65,"el Clot",29,36584
2019,10,"Sant Martí",65,"el Clot",30,37294
2019,10,"Sant Martí",65,"el Clot",31,35788
2019,10,"Sant Martí",65,"el Clot",32,41161
2019,10,"Sant Martí",65,"el Clot",33,41464
2019,10,"Sant Martí",65,"el Clot",34,36396
2019,10,"Sant Martí",65,"el Clot",35,45002
2019,10,"Sant Martí",65,"el Clot",36,48192
2019,10,"Sant Martí",65,"el Clot",37,31486
2019,10,"Sant Martí",65,"el Clot",38,38092
2019,10,"Sant Martí",65,"el Clot",39,36064
2019,10,"Sant Martí",65,"el Clot",40,36913
2019,10,"Sant Martí",65,"el Clot",41,36555
2019,10,"Sant Martí",66,"el Parc i la Llacuna del Poblenou",42,32322
2019,10,"Sant Martí",66,"el Parc i la Llacuna del Poblenou",43,34169
2019,10,"Sant Martí",66,"el Parc i la Llacuna del Poblenou",44,37275
2019,10,"Sant Martí",66,"el Parc i la Llacuna del Poblenou",45,45470
2019,10,"Sant Martí",66,"el Parc i la Llacuna del Poblenou",46,39676
2019,10,"Sant Martí",66,"el Parc i la Llacuna del Poblenou",47,42609
2019,10,"Sant Martí",66,"el Parc i la Llacuna del Poblenou",48,40861
2019,10,"Sant Martí",66,"el Parc i la Llacuna del Poblenou",49,40899
2019,10,"Sant Martí",66,"el Parc i la Llacuna del Poblenou",50,42809
2019,10,"Sant Martí",67,"la Vila Olímpica del Poblenou",51,44576
2019,10,"Sant Martí",67,"la Vila Olímpica del Poblenou",52,60641
2019,10,"Sant Martí",67,"la Vila Olímpica del Poblenou",53,74171
2019,10,"Sant Martí",67,"la Vila Olímpica del Poblenou",54,62112
2019,10,"Sant Martí",67,"la Vila Olímpica del Poblenou",55,69221
2019,10,"Sant Martí",68,"el Poblenou",56,34761
2019,10,"Sant Martí",68,"el Poblenou",57,33537
2019,10,"Sant Martí",68,"el Poblenou",58,32118
2019,10,"Sant Martí",68,"el Poblenou",59,41196
2019,10,"Sant Martí",68,"el Poblenou",60,35247
2019,10,"Sant Martí",68,"el Poblenou",61,44332
2019,10,"Sant Martí",68,"el Poblenou",62,44706
2019,10,"Sant Martí",68,"el Poblenou",63,43618
2019,10,"Sant Martí",68,"el Poblenou",64,42355
2019,10,"Sant Martí",68,"el Poblenou",65,43721
2019,10,"Sant Martí",68,"el Poblenou",66,44661
2019,10,"Sant Martí",68,"el Poblenou",67,59237
2019,10,"Sant Martí",68,"el Poblenou",68,49972
2019,10,"Sant Martí",68,"el Poblenou",69,46738
2019,10,"Sant Martí",68,"el Poblenou",70,37465
2019,10,"Sant Martí",68,"el Poblenou",71,47409
2019,10,"Sant Martí",68,"el Poblenou",72,38973
2019,10,"Sant Martí",68,"el Poblenou",73,34834
2019,10,"Sant Martí",68,"el Poblenou",74,35820
2019,10,"Sant Martí",68,"el Poblenou",75,37544
2019,10,"Sant Martí",69,"Diagonal Mar i el Front Marítim del Poblenou",76,39309
2019,10,"Sant Martí",69,"Diagonal Mar i el Front Marítim del Poblenou",77,56329
2019,10,"Sant Martí",69,"Diagonal Mar i el Front Marítim del Poblenou",78,54144
2019,10,"Sant Martí",69,"Diagonal Mar i el Front Marítim del Poblenou",79,46660
2019,10,"Sant Martí",69,"Diagonal Mar i el Front Marítim del Poblenou",80,72237
2019,10,"Sant Martí",70,"el Besòs i el Maresme",81,30670
2019,10,"Sant Martí",70,"el Besòs i el Maresme",82,22979
2019,10,"Sant Martí",70,"el Besòs i el Maresme",83,22191
2019,10,"Sant Martí",70,"el Besòs i el Maresme",84,24955
2019,10,"Sant Martí",70,"el Besòs i el Maresme",85,23714
2019,10,"Sant Martí",70,"el Besòs i el Maresme",86,25983
2019,10,"Sant Martí",70,"el Besòs i el Maresme",87,24954
2019,10,"Sant Martí",70,"el Besòs i el Maresme",88,34090
2019,10,"Sant Martí",70,"el Besòs i el Maresme",89,25245
2019,10,"Sant Martí",70,"el Besòs i el Maresme",90,30165
2019,10,"Sant Martí",70,"el Besòs i el Maresme",91,31189
2019,10,"Sant Martí",70,"el Besòs i el Maresme",92,37325
2019,10,"Sant Martí",70,"el Besòs i el Maresme",93,38535
2019,10,"Sant Martí",71,"Provençals del Poblenou",94,41780
2019,10,"Sant Martí",71,"Provençals del Poblenou",95,32099
2019,10,"Sant Martí",71,"Provençals del Poblenou",96,44990
2019,10,"Sant Martí",71,"Provençals del Poblenou",97,44098
2019,10,"Sant Martí",71,"Provençals del Poblenou",98,43525
2019,10,"Sant Martí",71,"Provençals del Poblenou",99,32403
2019,10,"Sant Martí",71,"Provençals del Poblenou",100,33958
2019,10,"Sant Martí",71,"Provençals del Poblenou",101,35953
2019,10,"Sant Martí",71,"Provençals del Poblenou",102,33005
2019,10,"Sant Martí",71,"Provençals del Poblenou",103,36713
2019,10,"Sant Martí",71,"Provençals del Poblenou",104,43350
2019,10,"Sant Martí",72,"Sant Martí de Provençals",105,39085
2019,10,"Sant Martí",72,"Sant Martí de Provençals",106,35426
2019,10,"Sant Martí",72,"Sant Martí de Provençals",107,47136
2019,10,"Sant Martí",72,"Sant Martí de Provençals",108,32366
2019,10,"Sant Martí",72,"Sant Martí de Provençals",109,32047
2019,10,"Sant Martí",72,"Sant Martí de Provençals",110,31051
2019,10,"Sant Martí",72,"Sant Martí de Provençals",111,34691
2019,10,"Sant Martí",72,"Sant Martí de Provençals",112,43747
2019,10,"Sant Martí",72,"Sant Martí de Provençals",113,34488
2019,10,"Sant Martí",72,"Sant Martí de Provençals",114,30541
2019,10,"Sant Martí",72,"Sant Martí de Provençals",115,31932
2019,10,"Sant Martí",72,"Sant Martí de Provençals",116,29034
2019,10,"Sant Martí",72,"Sant Martí de Provençals",117,32752
2019,10,"Sant Martí",72,"Sant Martí de Provençals",118,44307
2019,10,"Sant Martí",72,"Sant Martí de Provençals",119,28985
2019,10,"Sant Martí",72,"Sant Martí de Provençals",120,31623
2019,10,"Sant Martí",72,"Sant Martí de Provençals",121,32426
2019,10,"Sant Martí",72,"Sant Martí de Provençals",122,42511
2019,10,"Sant Martí",73,"la Verneda i la Pau",123,34574
2019,10,"Sant Martí",73,"la Verneda i la Pau",124,39101
2019,10,"Sant Martí",73,"la Verneda i la Pau",125,32762
2019,10,"Sant Martí",73,"la Verneda i la Pau",126,37034
2019,10,"Sant Martí",73,"la Verneda i la Pau",127,37993
2019,10,"Sant Martí",73,"la Verneda i la Pau",128,36621
2019,10,"Sant Martí",73,"la Verneda i la Pau",129,40822
2019,10,"Sant Martí",73,"la Verneda i la Pau",130,32232
2019,10,"Sant Martí",73,"la Verneda i la Pau",131,43818
2019,10,"Sant Martí",73,"la Verneda i la Pau",132,33997
2019,10,"Sant Martí",73,"la Verneda i la Pau",133,31519
2019,10,"Sant Martí",73,"la Verneda i la Pau",134,29369
2019,10,"Sant Martí",73,"la Verneda i la Pau",135,32102
2019,10,"Sant Martí",73,"la Verneda i la Pau",136,33617
2019,10,"Sant Martí",73,"la Verneda i la Pau",137,30057
2019,10,"Sant Martí",73,"la Verneda i la Pau",138,26790
2019,10,"Sant Martí",73,"la Verneda i la Pau",139,27928
2019,10,"Sant Martí",73,"la Verneda i la Pau",140,29793
2019,10,"Sant Martí",73,"la Verneda i la Pau",141,29744
2019,10,"Sant Martí",73,"la Verneda i la Pau",142,27331
2019,10,"Sant Martí",73,"la Verneda i la Pau",143,31733
2019,10,"Sant Martí",65,"el Clot",234,37096
2019,10,"Sant Martí",69,"Diagonal Mar i el Front Marítim del Poblenou",235,28843
2019,10,"Sant Martí",69,"Diagonal Mar i el Front Marítim del Poblenou",236,32083
2019,10,"Sant Martí",71,"Provençals del Poblenou",237,28184