"Any","Trimestre","Codi_Districte","Nom_Districte","Codi_Barri","Nom_Barri","Lloguer_mitja","Preu"
2019,1,1,"Ciutat Vella",1,"el Raval","Lloguer mitjà mensual (Euros/mes)","822.6"
2019,1,1,"Ciutat Vella",2,"el Barri Gòtic","Lloguer mitjà mensual (Euros/mes)","1060.9"
2019,1,1,"Ciutat Vella",3,"la Barceloneta","Lloguer mitjà mensual (Euros/mes)","891.3"
2019,1,1,"Ciutat Vella",4,"Sant Pere, Santa Caterina i la Ribera","Lloguer mitjà mensual (Euros/mes)","990.2"
2019,1,2,"Eixample",5,"el Fort Pienc","Lloguer mitjà mensual (Euros/mes)","957.2"
2019,1,2,"Eixample",6,"la Sagrada Família","Lloguer mitjà mensual (Euros/mes)","936.3"
2019,1,2,"Eixample",7,"la Dreta de l'Eixample","Lloguer mitjà mensual (Euros/mes)","1269.1"
2019,1,2,"Eixample",8,"l'Antiga Esquerra de l'Eixample","Lloguer mitjà mensual (Euros/mes)","1123.0"
2019,1,2,"Eixample",9,"la Nova Esquerra de l'Eixample","Lloguer mitjà mensual (Euros/mes)","1008.5"
2019,1,2,"Eixample",10,"Sant Antoni","Lloguer mitjà mensual (Euros/mes)","986.2"
2019,1,3,"Sants-Montjuïc",11,"el Poble Sec","Lloguer mitjà mensual (Euros/mes)","815.8"
2019,1,3,"Sants-Montjuïc",12,"la Marina del Prat Vermell","Lloguer mitjà mensual (Euros/mes)","N/A"
2019,1,3,"Sants-Montjuïc",13,"la Marina de Port","Lloguer mitjà mensual (Euros/mes)","714.9"
2019,1,3,"Sants-Montjuïc",14,"la Font de la Guatlla","Lloguer mitjà mensual (Euros/mes)","857.6"
2019,1,3,"Sants-Montjuïc",15,"Hostafrancs","Lloguer mitjà mensual (Euros/mes)","810.0"
2019,1,3,"Sants-Montjuïc",16,"la Bordeta","Lloguer mitjà mensual (Euros/mes)","844.1"
2019,1,3,"Sants-Montjuïc",17,"Sants - Badal","Lloguer mitjà mensual (Euros/mes)","823.5"
2019,1,3,"Sants-Montjuïc",18,"Sants","Lloguer mitjà mensual (Euros/mes)","873.0"
2019,1,4,"Les Corts",19,"les Corts","Lloguer mitjà mensual (Euros/mes)","1070.0"
2019,1,4,"Les Corts",20,"la Maternitat i Sant Ramon","Lloguer mitjà mensual (Euros/mes)","938.5"
2019,1,4,"Les Corts",21,"Pedralbes","Lloguer mitjà mensual (Euros/mes)","1732.5"
2019,1,5,"Sarrià-Sant Gervasi",22,"Vallvidrera, el Tibidabo i les Planes","Lloguer mitjà mensual (Euros/mes)","1103.5"
2019,1,5,"Sarrià-Sant Gervasi",23,"Sarrià","Lloguer mitjà mensual (Euros/mes)","1297.7"
2019,1,5,"Sarrià-Sant Gervasi",24,"les Tres Torres","Lloguer mitjà mensual (Euros/mes)","1645.9"
2019,1,5,"Sarrià-Sant Gervasi",25,"Sant Gervasi - la Bonanova","Lloguer mitjà mensual (Euros/mes)","1226.4"
2019,1,5,"Sarrià-Sant Gervasi",26,"Sant Gervasi - Galvany","Lloguer mitjà mensual (Euros/mes)","1357.9"
2019,1,5,"Sarrià-Sant Gervasi",27,"el Putxet i el Farró","Lloguer mitjà mensual (Euros/mes)","1057.1"
2019,1,6,"Gràcia",28,"Vallcarca i els Penitents","Lloguer mitjà mensual (Euros/mes)","907.5"
2019,1,6,"Gràcia",29,"el Coll","Lloguer mitjà mensual (Euros/mes)","750.6"
2019,1,6,"Gràcia",30,"la Salut","Lloguer mitjà mensual (Euros/mes)","883.4"
2019,1,6,"Gràcia",31,"la Vila de Gràcia","Lloguer mitjà mensual (Euros/mes)","933.4"
2019,1,6,"Gràcia",32,"el Camp d'en Grassot i Gràcia Nova","Lloguer mitjà mensual (Euros/mes)","937.3"
2019,1,7,"Horta-Guinardó",33,"el Baix Guinardó","Lloguer mitjà mensual (Euros/mes)","859.1"
2019,1,7,"Horta-Guinardó",34,"Can Baró","Lloguer mitjà mensual (Euros/mes)","791.2"
2019,1,7,"Horta-Guinardó",35,"el Guinardó","Lloguer mitjà mensual (Euros/mes)","789.8"
2019,1,7,"Horta-Guinardó",36,"la Font d'en Fargues","Lloguer mitjà mensual (Euros/mes)","796.5"
2019,1,7,"Horta-Guinardó",37,"el Carmel","Lloguer mitjà mensual (Euros/mes)","670.6"
2019,1,7,"Horta-Guinardó",38,"la Teixonera","Lloguer mitjà mensual (Euros/mes)","704.4"
2019,1,7,"Horta-Guinardó",39,"Sant Genís dels Agudells","Lloguer mitjà mensual (Euros/mes)","759.2"
2019,1,7,"Horta-Guinardó",40,"Montbau","Lloguer mitjà mensual (Euros/mes)","780.4"
2019,1,7,"Horta-Guinardó",41,"la Vall d'Hebron","Lloguer mitjà mensual (Euros/mes)","870.2"
2019,1,7,"Horta-Guinardó",42,"la Clota","Lloguer mitjà mensual (Euros/mes)","N/A"
2019,1,7,"Horta-Guinardó",43,"Horta","Lloguer mitjà mensual (Euros/mes)","777.0"
2019,1,8,"Nou Barris",44,"Vilapicina i la Torre Llobeta","Lloguer mitjà mensual (Euros/mes)","758.5"
2019,1,8,"Nou Barris",45,"Porta","Lloguer mitjà mensual (Euros/mes)","722.8"
2019,1,8,"Nou Barris",46,"el Turó de la Peira","Lloguer mitjà mensual (Euros/mes)","685.3"
2019,1,8,"Nou Barris",47,"Can Peguera","Lloguer mitjà mensual (Euros/mes)","N/A"
2019,1,8,"Nou Barris",48,"la Guineueta","Lloguer mitjà mensual (Euros/mes)","751.0"
2019,1,8,"Nou Barris",49,"Canyelles","Lloguer mitjà mensual (Euros/mes)","791.9"
2019,1,8,"Nou Barris",50,"les Roquetes","Lloguer mitjà mensual (Euros/mes)","636.1"
2019,1,8,"Nou Barris",51,"Verdun","Lloguer mitjà mensual (Euros/mes)","633.2"
2019,1,8,"Nou Barris",52,"la Prosperitat","Lloguer mitjà mensual (Euros/mes)","677.4"
2019,1,8,"Nou Barris",53,"la Trinitat Nova","Lloguer mitjà mensual (Euros/mes)","612.3"
2019,1,8,"Nou Barris",54,"Torre Baró","Lloguer mitjà mensual (Euros/mes)","N/A"
2019,1,8,"Nou Barris",55,"Ciutat Meridiana","Lloguer mitjà mensual (Euros/mes)","575.4"
2019,1,8,"Nou Barris",56,"Vallbona","Lloguer mitjà mensual (Euros/mes)","N/A"
2019,1,9,"Sant Andreu",57,"la Trinitat Vella","Lloguer mitjà mensual (Euros/mes)","601.2"
2019,1,9,"Sant Andreu",58,"Baró de Viver","Lloguer mitjà mensual (Euros/mes)","N/A"
2019,1,9,"Sant Andreu",59,"el Bon Pastor","Lloguer mitjà mensual (Euros/mes)","705.8"
2019,1,9,"Sant Andreu",60,"Sant Andreu","Lloguer mitjà mensual (Euros/mes)","795.3"
2019,1,9,"Sant Andreu",61,"la Sagrera","Lloguer mitjà mensual (Euros/mes)","807.6"
2019,1,9,"Sant Andreu",62,"el Congrés i els Indians","Lloguer mitjà mensual (Euros/mes)","772.3"
2019,1,9,"Sant Andreu",63,"Navas","Lloguer mitjà mensual (Euros/mes)","855.3"
2019,1,10,"Sant Martí",64,"el Camp de l'Arpa del Clot","Lloguer mitjà mensual (Euros/mes)","845.3"
2019,1,10,"Sant Martí",65,"el Clot","Lloguer mitjà mensual (Euros/mes)","828.8"
2019,1,10,"Sant Martí",66,"el Parc i la Llacuna del Poblenou","Lloguer mitjà mensual (Euros/mes)","950.8"
2019,1,10,"Sant Martí",67,"la Vila Olímpica del Poblenou","Lloguer mitjà mensual (Euros/mes)","1304.0"
2019,1,10,"Sant Martí",68,"el Poblenou","Lloguer mitjà mensual (Euros/mes)","952.5"
2019,1,10,"Sant Martí",69,"Diagonal Mar i el Front Marítim del Poblenou","Lloguer mitjà mensual (Euros/mes)","1231.2"
2019,1,10,"Sant Martí",70,"el Besòs i el Maresme","Lloguer mitjà mensual (Euros/mes)","694.8"
2019,1,10,"Sant Martí",71,"Provençals del Poblenou","Lloguer mitjà mensual (Euros/mes)","959.2"
2019,1,10,"Sant Martí",72,"Sant Martí de Provençals","Lloguer mitjà mensual (Euros/mes)","840.2"
2019,1,10,"Sant Martí",73,"la Verneda i la Pau","Lloguer mitjà mensual (Euros/mes)","764.6"
2019,1,1,"Ciutat Vella",1,"el Raval","Lloguer mitjà per superfície (Euros/m2 mes)","14.1"
2019,1,1,"Ciutat Vella",2,"el Barri Gòtic","Lloguer mitjà per superfície (Euros/m2 mes)","14.5"
2019,1,1,"Ciutat Vella",3,"la Barceloneta","Lloguer mitjà per superfície (Euros/m2 mes)","16.8"
2019,1,1,"Ciutat Vella",4,"Sant Pere, Santa Caterina i la Ribera","Lloguer mitjà per superfície (Euros/m2 mes)","14.7"
2019,1,2,"Eixample",5,"el Fort Pienc","Lloguer mitjà per superfície (Euros/m2 mes)","13.7"
2019,1,2,"Eixample",6,"la Sagrada Família","Lloguer mitjà per superfície (Euros/m2 mes)","14.4"
2019,1,2,"Eixample",7,"la Dreta de l'Eixample","Lloguer mitjà per superfície (Euros/m2 mes)","13.9"
2019,1,2,"Eixample",8,"l'Antiga Esquerra de l'Eixample","Lloguer mitjà per superfície (Euros/m2 mes)","14.3"
2019,1,2,"Eixample",9,"la Nova Esquerra de l'Eixample","Lloguer mitjà per superfície (Euros/m2 mes)","13.9"
2019,1,2,"Eixample",10,"Sant Antoni","Lloguer mitjà per superfície (Euros/m2 mes)","13.8"
2019,1,3,"Sants-Montjuïc",11,"el Poble Sec","Lloguer mitjà per superfície (Euros/m2 mes)","14.3"
2019,1,3,"Sants-Montjuïc",12,"la Marina del Prat Vermell","Lloguer mitjà per superfície (Euros/m2 mes)","N/A"
2019,1,3,"Sants-Montjuïc",13,"la Marina de Port","Lloguer mitjà per superfície (Euros/m2 mes)","10.1"
2019,1,3,"Sants-Montjuïc",14,"la Font de la Guatlla","Lloguer mitjà per superfície (Euros/m2 mes)","12.9"
2019,1,3,"Sants-Montjuïc",15,"Hostafrancs","Lloguer mitjà per superfície (Euros/m2 mes)","14.1"
2019,1,3,"Sants-Montjuïc",16,"la Bordeta","Lloguer mitjà per superfície (Euros/m2 mes)","12.5"
2019,1,3,"Sants-Montjuïc",17,"Sants - Badal","Lloguer mitjà per superfície (Euros/m2 mes)","13.4"
2019,1,3,"Sants-Montjuïc",18,"Sants","Lloguer mitjà per superfície (Euros/m2 mes)","13.7"
2019,1,4,"Les Corts",19,"les Corts","Lloguer mitjà per superfície (Euros/m2 mes)","14.6"
2019,1,4,"Les Corts",20,"la Maternitat i Sant Ramon","Lloguer mitjà per superfície (Euros/m2 mes)","13.8"
2019,1,4,"Les Corts",21,"Pedralbes","Lloguer mitjà per superfície (Euros/m2 mes)","16.0"
2019,1,5,"Sarrià-Sant Gervasi",22,"Vallvidrera, el Tibidabo i les Planes","Lloguer mitjà per superfície (Euros/m2 mes)","11.4"
2019,1,5,"Sarrià-Sant Gervasi",23,"Sarrià","Lloguer mitjà per superfície (Euros/m2 mes)","16.3"
2019,1,5,"Sarrià-Sant Gervasi",24,"les Tres Torres","Lloguer mitjà per superfície (Euros/m2 mes)","16.5"
2019,1,5,"Sarrià-Sant Gervasi",25,"Sant Gervasi - la Bonanova","Lloguer mitjà per superfície (Euros/m2 mes)","15.5"
2019,1,5,"Sarrià-Sant Gervasi",26,"Sant Gervasi - Galvany","Lloguer mitjà per superfície (Euros/m2 mes)","14.4"
2019,1,5,"Sarrià-Sant Gervasi",27,"el Putxet i el Farró","Lloguer mitjà per superfície (Euros/m2 mes)","15.2"
2019,1,6,"Gràcia",28,"Vallcarca i els Penitents","Lloguer mitjà per superfície (Euros/m2 mes)","13.6"
2019,1,6,"Gràcia",29,"el Coll","Lloguer mitjà per superfície (Euros/m2 mes)","12.2"
2019,1,6,"Gràcia",30,"la Salut","Lloguer mitjà per superfície (Euros/m2 mes)","12.7"
2019,1,6,"Gràcia",31,"la Vila de Gràcia","Lloguer mitjà per superfície (Euros/m2 mes)","14.8"
2019,1,6,"Gràcia",32,"el Camp d'en Grassot i Gràcia Nova","Lloguer mitjà per superfície (Euros/m2 mes)","14.1"
2019,1,7,"Horta-Guinardó",33,"el Baix Guinardó","Lloguer mitjà per superfície (Euros/m2 mes)","12.9"
2019,1,7,"Horta-Guinardó",34,"Can Baró","Lloguer mitjà per superfície (Euros/m2 mes)","13.6"
2019,1,7,"Horta-Guinardó",35,"el Guinardó","Lloguer mitjà per superfície (Euros/m2 mes)","12.4"
2019,1,7,"Horta-Guinardó",36,"la Font d'en Fargues","Lloguer mitjà per superfície (Euros/m2 mes)","11.6"
2019,1,7,"Horta-Guinardó",37,"el Carmel","Lloguer mitjà per superfície (Euros/m2 mes)","12.0"
2019,1,7,"Horta-Guinardó",38,"la Teixonera","Lloguer mitjà per superfície (Euros/m2 mes)","11.7"
2019,1,7,"Horta-Guinardó",39,"Sant Genís dels Agudells","Lloguer mitjà per superfície (Euros/m2 mes)","10.9"
2019,1,7,"Horta-Guinardó",40,"Montbau","Lloguer mitjà per superfície (Euros/m2 mes)","11.6"
2019,1,7,"Horta-Guinardó",41,"la Vall d'Hebron","Lloguer mitjà per superfície (Euros/m2 mes)","13.3"
2019,1,7,"Horta-Guinardó",42,"la Clota","Lloguer mitjà per superfície (Euros/m2 mes)","N/A"
2019,1,7,"Horta-Guinardó",43,"Horta","Lloguer mitjà per superfície (Euros/m2 mes)","12.2"
2019,1,8,"Nou Barris",44,"Vilapicina i la Torre Llobeta","Lloguer mitjà per superfície (Euros/m2 mes)","11.9"
2019,1,8,"Nou Barris",45,"Porta","Lloguer mitjà per superfície (Euros/m2 mes)","11.6"
2019,1,8,"Nou Barris",46,"el Turó de la Peira","Lloguer mitjà per superfície (Euros/m2 mes)","11.4"
2019,1,8,"Nou Barris",47,"Can Peguera","Lloguer mitjà per superfície (Euros/m2 mes)","N/A"
2019,1,8,"Nou Barris",48,"la Guineueta","Lloguer mitjà per superfície (Euros/m2 mes)","10.3"
2019,1,8,"Nou Barris",49,"Canyelles","Lloguer mitjà per superfície (Euros/m2 mes)","9.6"
2019,1,8,"Nou Barris",50,"les Roquetes","Lloguer mitjà per superfície (Euros/m2 mes)","11.8"
2019,1,8,"Nou Barris",51,"Verdun","Lloguer mitjà per superfície (Euros/m2 mes)","10.7"
2019,1,8,"Nou Barris",52,"la Prosperitat","Lloguer mitjà per superfície (Euros/m2 mes)","11.7"
2019,1,8,"Nou Barris",53,"la Trinitat Nova","Lloguer mitjà per superfície (Euros/m2 mes)","12.0"
2019,1,8,"Nou Barris",54,"Torre Baró","Lloguer mitjà per superfície (Euros/m2 mes)","N/A"
2019,1,8,"Nou Barris",55,"Ciutat Meridiana","Lloguer mitjà per superfície (Euros/m2 mes)","9.8"
2019,1,8,"Nou Barris",56,"Vallbona","Lloguer mitjà per superfície (Euros/m2 mes)","N/A"
2019,1,9,"Sant Andreu",57,"la Trinitat Vella","Lloguer mitjà per superfície (Euros/m2 mes)","10.3"
2019,1,9,"Sant Andreu",58,"Baró de Viver","Lloguer mitjà per superfície (Euros/m2 mes)","N/A"
2019,1,9,"Sant Andreu",59,"el Bon Pastor","Lloguer mitjà per superfície (Euros/m2 mes)","10.9"
2019,1,9,"Sant Andreu",60,"Sant Andreu","Lloguer mitjà per superfície (Euros/m2 mes)","12.2"
2019,1,9,"Sant Andreu",61,"la Sagrera","Lloguer mitjà per superfície (Euros/m2 mes)","12.4"
2019,1,9,"Sant Andreu",62,"el Congrés i els Indians","Lloguer mitjà per superfície (Euros/m2 mes)","11.5"
2019,1,9,"Sant Andreu",63,"Navas","Lloguer mitjà per superfície (Euros/m2 mes)","12.3"
2019,1,10,"Sant Martí",64,"el Camp de l'Arpa del Clot","Lloguer mitjà per superfície (Euros/m2 mes)","13.1"
2019,1,10,"Sant Martí",65,"el Clot","Lloguer mitjà per superfície (Euros/m2 mes)","12.9"
2019,1,10,"Sant Martí",66,"el Parc i la Llacuna del Poblenou","Lloguer mitjà per superfície (Euros/m2 mes)","14.7"
2019,1,10,"Sant Martí",67,"la Vila Olímpica del Poblenou","Lloguer mitjà per superfície (Euros/m2 mes)","17.1"
2019,1,10,"Sant Martí",68,"el Poblenou","Lloguer mitjà per superfície (Euros/m2 mes)","14.4"
2019,1,10,"Sant Martí",69,"Diagonal Mar i el Front Marítim del Poblenou","Lloguer mitjà per superfície (Euros/m2 mes)","16.3"
2019,1,10,"Sant Martí",70,"el Besòs i el Maresme","Lloguer mitjà per superfície (Euros/m2 mes)","11.0"
2019,1,10,"Sant Martí",71,"Provençals del Poblenou","Lloguer mitjà per superfície (Euros/m2 mes)","13.9"
2019,1,10,"Sant Martí",72,"Sant Martí de Provençals","Lloguer mitjà per superfície (Euros/m2 mes)","11.7"
2019,1,10,"Sant Martí",73,"la Verneda i la Pau","Lloguer mitjà per superfície (Euros/m2 mes)","11.5"
2019,2,1,"Ciutat Vella",1,"el Raval","Lloguer mitjà mensual (Euros/mes)","867.0"
2019,2,1,"Ciutat Vella",2,"el Barri Gòtic","Lloguer mitjà mensual (Euros/mes)","1112.1"
2019,2,1,"Ciutat Vella",3,"la Barceloneta","Lloguer mitjà mensual (Euros/mes)","924.0"
2019,2,1,"Ciutat Vella",4,"Sant Pere, Santa Caterina i la Ribera","Lloguer mitjà mensual (Euros/mes)","1010.1"
2019,2,2,"Eixample",5,"el Fort Pienc","Lloguer mitjà mensual (Euros/mes)","988.7"
2019,2,2,"Eixample",6,"la Sagrada Família","Lloguer mitjà mensual (Euros/mes)","942.9"
2019,2,2,"Eixample",7,"la Dreta de l'Eixample","Lloguer mitjà mensual (Euros/mes)","1277.9"
2019,2,2,"Eixample",8,"l'Antiga Esquerra de l'Eixample","Lloguer mitjà mensual (Euros/mes)","1139.8"
2019,2,2,"Eixample",9,"la Nova Esquerra de l'Eixample","Lloguer mitjà mensual (Euros/mes)","1032.9"
2019,2,2,"Eixample",10,"Sant Antoni","Lloguer mitjà mensual (Euros/mes)","985.2"
2019,2,3,"Sants-Montjuïc",11,"el Poble Sec","Lloguer mitjà mensual (Euros/mes)","823.4"
2019,2,3,"Sants-Montjuïc",12,"la Marina del Prat Vermell","Lloguer mitjà mensual (Euros/mes)","N/A"
2019,2,3,"Sants-Montjuïc",13,"la Marina de Port","Lloguer mitjà mensual (Euros/mes)","753.1"
2019,2,3,"Sants-Montjuïc",14,"la Font de la Guatlla","Lloguer mitjà mensual (Euros/mes)","854.2"
2019,2,3,"Sants-Montjuïc",15,"Hostafrancs","Lloguer mitjà mensual (Euros/mes)","824.2"
2019,2,3,"Sants-Montjuïc",16,"la Bordeta","Lloguer mitjà mensual (Euros/mes)","859.5"
2019,2,3,"Sants-Montjuïc",17,"Sants - Badal","Lloguer mitjà mensual (Euros/mes)","858.4"
2019,2,3,"Sants-Montjuïc",18,"Sants","Lloguer mitjà mensual (Euros/mes)","867.5"
2019,2,4,"Les Corts",19,"les Corts","Lloguer mitjà mensual (Euros/mes)","1085.1"
2019,2,4,"Les Corts",20,"la Maternitat i Sant Ramon","Lloguer mitjà mensual (Euros/mes)","973.0"
2019,2,4,"Les Corts",21,"Pedralbes","Lloguer mitjà mensual (Euros/mes)","1746.7"
2019,2,5,"Sarrià-Sant Gervasi",22,"Vallvidrera, el Tibidabo i les Planes","Lloguer mitjà mensual (Euros/mes)","1121.6"
2019,2,5,"Sarrià-Sant Gervasi",23,"Sarrià","Lloguer mitjà mensual (Euros/mes)","1334.2"
2019,2,5,"Sarrià-Sant Gervasi",24,"les Tres Torres","Lloguer mitjà mensual (Euros/mes)","1602.5"
2019,2,5,"Sarrià-Sant Gervasi",25,"Sant Gervasi - la Bonanova","Lloguer mitjà mensual (Euros/mes)","1310.0"
2019,2,5,"Sarrià-Sant Gervasi",26,"Sant Gervasi - Galvany","Lloguer mitjà mensual (Euros/mes)","1360.3"
2019,2,5,"Sarrià-Sant Gervasi",27,"el Putxet i el Farró","Lloguer mitjà mensual (Euros/mes)","1115.7"
2019,2,6,"Gràcia",28,"Vallcarca i els Penitents","Lloguer mitjà mensual (Euros/mes)","1028.9"
2019,2,6,"Gràcia",29,"el Coll","Lloguer mitjà mensual (Euros/mes)","819.8"
2019,2,6,"Gràcia",30,"la Salut","Lloguer mitjà mensual (Euros/mes)","899.2"
2019,2,6,"Gràcia",31,"la Vila de Gràcia","Lloguer mitjà mensual (Euros/mes)","951.2"
2019,2,6,"Gràcia",32,"el Camp d'en Grassot i Gràcia Nova","Lloguer mitjà mensual (Euros/mes)","978.3"
2019,2,7,"Horta-Guinardó",33,"el Baix Guinardó","Lloguer mitjà mensual (Euros/mes)","866.8"
2019,2,7,"Horta-Guinardó",34,"Can Baró","Lloguer mitjà mensual (Euros/mes)","764.5"
2019,2,7,"Horta-Guinardó",35,"el Guinardó","Lloguer mitjà mensual (Euros/mes)","825.0"
2019,2,7,"Horta-Guinardó",36,"la Font d'en Fargues","Lloguer mitjà mensual (Euros/mes)","1044.0"
2019,2,7,"Horta-Guinardó",37,"el Carmel","Lloguer mitjà mensual (Euros/mes)","666.9"
2019,2,7,"Horta-Guinardó",38,"la Teixonera","Lloguer mitjà mensual (Euros/mes)","725.9"
2019,2,7,"Horta-Guinardó",39,"Sant Genís dels Agudells","Lloguer mitjà mensual (Euros/mes)","705.1"
2019,2,7,"Horta-Guinardó",40,"Montbau","Lloguer mitjà mensual (Euros/mes)","802.4"
2019,2,7,"Horta-Guinardó",41,"la Vall d'Hebron","Lloguer mitjà mensual (Euros/mes)","796.6"
2019,2,7,"Horta-Guinardó",42,"la Clota","Lloguer mitjà mensual (Euros/mes)","N/A"
2019,2,7,"Horta-Guinardó",43,"Horta","Lloguer mitjà mensual (Euros/mes)","760.6"
2019,2,8,"Nou Barris",44,"Vilapicina i la Torre Llobeta","Lloguer mitjà mensual (Euros/mes)","773.7"
2019,2,8,"Nou Barris",45,"Porta","Lloguer mitjà mensual (Euros/mes)","775.3"
2019,2,8,"Nou Barris",46,"el Turó de la Peira","Lloguer mitjà mensual (Euros/mes)","702.4"
2019,2,8,"Nou Barris",47,"Can Peguera","Lloguer mitjà mensual (Euros/mes)","N/A"
2019,2,8,"Nou Barris",48,"la Guineueta","Lloguer mitjà mensual (Euros/mes)","723.1"
2019,2,8,"Nou Barris",49,"Canyelles","Lloguer mitjà mensual (Euros/mes)","756.4"
2019,2,8,"Nou Barris",50,"les Roquetes","Lloguer mitjà mensual (Euros/mes)","625.3"
2019,2,8,"Nou Barris",51,"Verdun","Lloguer mitjà mensual (Euros/mes)","653.3"
2019,2,8,"Nou Barris",52,"la Prosperitat","Lloguer mitjà mensual (Euros/mes)","673.7"
2019,2,8,"Nou Barris",53,"la Trinitat Nova","Lloguer mitjà mensual (Euros/mes)","640.2"
2019,2,8,"Nou Barris",54,"Torre Baró","Lloguer mitjà mensual (Euros/mes)","N/A"
2019,2,8,"Nou Barris",55,"Ciutat Meridiana","Lloguer mitjà mensual (Euros/mes)","559.8"
2019,2,8,"Nou Barris",56,"Vallbona","Lloguer mitjà mensual (Euros/mes)","N/A"
2019,2,9,"Sant Andreu",57,"la Trinitat Vella","Lloguer mitjà mensual (Euros/mes)","614.7"
2019,2,9,"Sant Andreu",58,"Baró de Viver","Lloguer mitjà mensual (Euros/mes)","N/A"
2019,2,9,"Sant Andreu",59,"el Bon Pastor","Lloguer mitjà mensual (Euros/mes)","659.2"
2019,2,9,"Sant Andreu",60,"Sant Andreu","Lloguer mitjà mensual (Euros/mes)","800.9"
2019,2,9,"Sant Andreu",61,"la Sagrera","Lloguer mitjà mensual (Euros/mes)","807.5"
2019,2,9,"Sant Andreu",62,"el Congrés i els Indians","Lloguer mitjà mensual (Euros/mes)","782.7"
2019,2,9,"Sant Andreu",63,"Navas","Lloguer mitjà mensual (Euros/mes)","836.9"
2019,2,10,"Sant Martí",64,"el Camp de l'Arpa del Clot","Lloguer mitjà mensual (Euros/mes)","844.3"
2019,2,10,"Sant Martí",65,"el Clot","Lloguer mitjà mensual (Euros/mes)","829.4"
2019,2,10,"Sant Martí",66,"el Parc i la Llacuna del Poblenou","Lloguer mitjà mensual (Euros/mes)","1066.6"
2019,2,10,"Sant Martí",67,"la Vila Olímpica del Poblenou","Lloguer mitjà mensual (Euros/mes)","1444.6"
2019,2,10,"Sant Martí",68,"el Poblenou","Lloguer mitjà mensual (Euros/mes)","996.7"
2019,2,10,"Sant Martí",69,"Diagonal Mar i el Front Marítim del Poblenou","Lloguer mitjà mensual (Euros/mes)","1388.1"
2019,2,10,"Sant Martí",70,"el Besòs i el Maresme","Lloguer mitjà mensual (Euros/mes)","844.5"
2019,2,10,"Sant Martí",71,"Provençals del Poblenou","Lloguer mitjà mensual (Euros/mes)","960.1"
2019,2,10,"Sant Martí",72,"Sant Martí de Provençals","Lloguer mitjà mensual (Euros/mes)","844.1"
2019,2,10,"Sant Martí",73,"la Verneda i la Pau","Lloguer mitjà mensual (Euros/mes)","798.1"
2019,2,1,"Ciutat Vella",1,"el Raval","Lloguer mitjà per superfície (Euros/m2 mes)","14.5"
2019,2,1,"Ciutat Vella",2,"el Barri Gòtic","Lloguer mitjà per superfície (Euros/m2 mes)","14.0"
2019,2,1,"Ciutat Vella",3,"la Barceloneta","Lloguer mitjà per superfície (Euros/m2 mes)","18.1"
2019,2,1,"Ciutat Vella",4,"Sant Pere, Santa Caterina i la Ribera","Lloguer mitjà per superfície (Euros/m2 mes)","15.5"
2019,2,2,"Eixample",5,"el Fort Pienc","Lloguer mitjà per superfície (Euros/m2 mes)","13.6"
2019,2,2,"Eixample",6,"la Sagrada Família","Lloguer mitjà per superfície (Euros/m2 mes)","14.4"
2019,2,2,"Eixample",7,"la Dreta de l'Eixample","Lloguer mitjà per superfície (Euros/m2 mes)","14.2"
2019,2,2,"Eixample",8,"l'Antiga Esquerra de l'Eixample","Lloguer mitjà per superfície (Euros/m2 mes)","14.1"
2019,2,2,"Eixample",9,"la Nova Esquerra de l'Eixample","Lloguer mitjà per superfície (Euros/m2 mes)","14.6"
2019,2,2,"Eixample",10,"Sant Antoni","Lloguer mitjà per superfície (Euros/m2 mes)","14.0"
2019,2,3,"Sants-Montjuïc",11,"el Poble Sec","Lloguer mitjà per superfície (Euros/m2 mes)","14.2"
2019,2,3,"Sants-Montjuïc",12,"la Marina del Prat Vermell","Lloguer mitjà per superfície (Euros/m2 mes)","N/A"
2019,2,3,"Sants-Montjuïc",13,"la Marina de Port","Lloguer mitjà per superfície (Euros/m2 mes)","10.6"
2019,2,3,"Sants-Montjuïc",14,"la Font de la Guatlla","Lloguer mitjà per superfície (Euros/m2 mes)","12.6"
2019,2,3,"Sants-Montjuïc",15,"Hostafrancs","Lloguer mitjà per superfície (Euros/m2 mes)","13.3"
2019,2,3,"Sants-Montjuïc",16,"la Bordeta","Lloguer mitjà per superfície (Euros/m2 mes)","12.4"
2019,2,3,"Sants-Montjuïc",17,"Sants - Badal","Lloguer mitjà per superfície (Euros/m2 mes)","13.8"
2019,2,3,"Sants-Montjuïc",18,"Sants","Lloguer mitjà per superfície (Euros/m2 mes)","13.9"
2019,2,4,"Les Corts",19,"les Corts","Lloguer mitjà per superfície (Euros/m2 mes)","14.9"
2019,2,4,"Les Corts",20,"la Maternitat i Sant Ramon","Lloguer mitjà per superfície (Euros/m2 mes)","13.8"
2019,2,4,"Les Corts",21,"Pedralbes","Lloguer mitjà per superfície (Euros/m2 mes)","14.8"
2019,2,5,"Sarrià-Sant Gervasi",22,"Vallvidrera, el Tibidabo i les Planes","Lloguer mitjà per superfície (Euros/m2 mes)","13.5"
2019,2,5,"Sarrià-Sant Gervasi",23,"Sarrià","Lloguer mitjà per superfície (Euros/m2 mes)","16.8"
2019,2,5,"Sarrià-Sant Gervasi",24,"les Tres Torres","Lloguer mitjà per superfície (Euros/m2 mes)","16.9"
2019,2,5,"Sarrià-Sant Gervasi",25,"Sant Gervasi - la Bonanova","Lloguer mitjà per superfície (Euros/m2 mes)","15.7"
2019,2,5,"Sarrià-Sant Gervasi",26,"Sant Gervasi - Galvany","Lloguer mitjà per superfície (Euros/m2 mes)","15.5"
2019,2,5,"Sarrià-Sant Gervasi",27,"el Putxet i el Farró","Lloguer mitjà per superfície (Euros/m2 mes)","14.8"
2019,2,6,"Gràcia",28,"Vallcarca i els Penitents","Lloguer mitjà per superfície (Euros/m2 mes)","14.4"
2019,2,6,"Gràcia",29,"el Coll","Lloguer mitjà per superfície (Euros/m2 mes)","12.5"
2019,2,6,"Gràcia",30,"la Salut","Lloguer mitjà per superfície (Euros/m2 mes)","12.9"
2019,2,6,"Gràcia",31,"la Vila de Gràcia","Lloguer mitjà per superfície (Euros/m2 mes)","15.2"
2019,2,6,"Gràcia",32,"el Camp d'en Grassot i Gràcia Nova","Lloguer mitjà per superfície (Euros/m2 mes)","14.7"
2019,2,7,"Horta-Guinardó",33,"el Baix Guinardó","Lloguer mitjà per superfície (Euros/m2 mes)","12.9"
2019,2,7,"Horta-Guinardó",34,"Can Baró","Lloguer mitjà per superfície (Euros/m2 mes)","13.0"
2019,2,7,"Horta-Guinardó",35,"el Guinardó","Lloguer mitjà per superfície (Euros/m2 mes)","12.9"
2019,2,7,"Horta-Guinardó",36,"la Font d'en Fargues","Lloguer mitjà per superfície (Euros/m2 mes)","13.9"
2019,2,7,"Horta-Guinardó",37,"el Carmel","Lloguer mitjà per superfície (Euros/m2 mes)","11.5"
2019,2,7,"Horta-Guinardó",38,"la Teixonera","Lloguer mitjà per superfície (Euros/m2 mes)","12.5"
2019,2,7,"Horta-Guinardó",39,"Sant Genís dels Agudells","Lloguer mitjà per superfície (Euros/m2 mes)","9.9"
2019,2,7,"Horta-Guinardó",40,"Montbau","Lloguer mitjà per superfície (Euros/m2 mes)","11.7"
2019,2,7,"Horta-Guinardó",41,"la Vall d'Hebron","Lloguer mitjà per superfície (Euros/m2 mes)","12.5"
2019,2,7,"Horta-Guinardó",42,"la Clota","Lloguer mitjà per superfície (Euros/m2 mes)","N/A"
2019,2,7,"Horta-Guinardó",43,"Horta","Lloguer mitjà per superfície (Euros/m2 mes)","12.1"
2019,2,8,"Nou Barris",44,"Vilapicina i la Torre Llobeta","Lloguer mitjà per superfície (Euros/m2 mes)","12.2"
2019,2,8,"Nou Barris",45,"Porta","Lloguer mitjà per superfície (Euros/m2 mes)","12.2"
2019,2,8,"Nou Barris",46,"el Turó de la Peira","Lloguer mitjà per superfície (Euros/m2 mes)","12.1"
2019,2,8,"Nou Barris",47,"Can Peguera","Lloguer mitjà per superfície (Euros/m2 mes)","N/A"
2019,2,8,"Nou Barris",48,"la Guineueta","Lloguer mitjà per superfície (Euros/m2 mes)","9.8"
2019,2,8,"Nou Barris",49,"Canyelles","Lloguer mitjà per superfície (Euros/m2 mes)","9.3"
2019,2,8,"Nou Barris",50,"les Roquetes","Lloguer mitjà per superfície (Euros/m2 mes)","11.1"
2019,2,8,"Nou Barris",51,"Verdun","Lloguer mitjà per superfície (Euros/m2 mes)","12.2"
2019,2,8,"Nou Barris",52,"la Prosperitat","Lloguer mitjà per superfície (Euros/m2 mes)","12.0"
2019,2,8,"Nou Barris",53,"la Trinitat Nova","Lloguer mitjà per superfície (Euros/m2 mes)","12.8"
2019,2,8,"Nou Barris",54,"Torre Baró","Lloguer mitjà per superfície (Euros/m2 mes)","N/A"
2019,2,8,"Nou Barris",55,"Ciutat Meridiana","Lloguer mitjà per superfície (Euros/m2 mes)","9.4"
2019,2,8,"Nou Barris",56,"Vallbona","Lloguer mitjà per superfície (Euros/m2 mes)","N/A"
2019,2,9,"Sant Andreu",57,"la Trinitat Vella","Lloguer mitjà per superfície (Euros/m2 mes)","10.3"
2019,2,9,"Sant Andreu",58,"Baró de Viver","Lloguer mitjà per superfície (Euros/m2 mes)","N/A"
2019,2,9,"Sant Andreu",59,"el Bon Pastor","Lloguer mitjà per superfície (Euros/m2 mes)","10.1"
2019,2,9,"Sant Andreu",60,"Sant Andreu","Lloguer mitjà per superfície (Euros/m2 mes)","12.7"
2019,2,9,"Sant Andreu",61,"la Sagrera","Lloguer mitjà per superfície (Euros/m2 mes)","12.6"
2019,2,9,"Sant Andreu",62,"el Congrés i els Indians","Lloguer mitjà per superfície (Euros/m2 mes)","12.2"
2019,2,9,"Sant Andreu",63,"Navas","Lloguer mitjà per superfície (Euros/m2 mes)","12.1"
2019,2,10,"Sant Martí",64,"el Camp de l'Arpa del Clot","Lloguer mitjà per superfície (Euros/m2 mes)","13.5"
2019,2,10,"Sant Martí",65,"el Clot","Lloguer mitjà per superfície (Euros/m2 mes)","12.9"
2019,2,10,"Sant Martí",66,"el Parc i la Llacuna del Poblenou","Lloguer mitjà per superfície (Euros/m2 mes)","15.2"
2019,2,10,"Sant Martí",67,"la Vila Olímpica del Poblenou","Lloguer mitjà per superfície (Euros/m2 mes)","17.4"
2019,2,10,"Sant Martí",68,"el Poblenou","Lloguer mitjà per superfície (Euros/m2 mes)","14.6"
2019,2,10,"Sant Martí",69,"Diagonal Mar i el Front Marítim del Poblenou","Lloguer mitjà per superfície (Euros/m2 mes)","16.1"
2019,2,10,"Sant Martí",70,"el Besòs i el Maresme","Lloguer mitjà per superfície (Euros/m2 mes)","12.0"
2019,2,10,"Sant Martí",71,"Provençals del Poblenou","Lloguer mitjà per superfície (Euros/m2 mes)","13.6"
2019,2,10,"Sant Martí",72,"Sant Martí de Provençals","Lloguer mitjà per superfície (Euros/m2 mes)","12.1"
2019,2,10,"Sant Martí",73,"la Verneda i la Pau","Lloguer mitjà per superfície (Euros/m2 mes)","11.8"
2019,3,1,"Ciutat Vella",1,"el Raval","Lloguer mitjà mensual (Euros/mes)","869.1"
2019,3,1,"Ciutat Vella",2,"el Barri Gòtic","Lloguer mitjà mensual (Euros/mes)","1082.4"
2019,3,1,"Ciutat Vella",3,"la Barceloneta","Lloguer mitjà mensual (Euros/mes)","871.6"
2019,3,1,"Ciutat Vella",4,"Sant Pere, Santa Caterina i la Ribera","Lloguer mitjà mensual (Euros/mes)","1020.2"
2019,3,2,"Eixample",5,"el Fort Pienc","Lloguer mitjà mensual (Euros/mes)","1031.3"
2019,3,2,"Eixample",6,"la Sagrada Família","Lloguer mitjà mensual (Euros/mes)","979.6"
2019,3,2,"Eixample",7,"la Dreta de l'Eixample","Lloguer mitjà mensual (Euros/mes)","1348.9"
2019,3,2,"Eixample",8,"l'Antiga Esquerra de l'Eixample","Lloguer mitjà mensual (Euros/mes)","1194.4"
2019,3,2,"Eixample",9,"la Nova Esquerra de l'Eixample","Lloguer mitjà mensual (Euros/mes)","1081.4"
2019,3,2,"Eixample",10,"Sant Antoni","Lloguer mitjà mensual (Euros/mes)","987.2"
2019,3,3,"Sants-Montjuïc",11,"el Poble Sec","Lloguer mitjà mensual (Euros/mes)","865.8"
2019,3,3,"Sants-Montjuïc",12,"la Marina del Prat Vermell","Lloguer mitjà mensual (Euros/mes)","N/A"
2019,3,3,"Sants-Montjuïc",13,"la Marina de Port","Lloguer mitjà mensual (Euros/mes)","790.1"
2019,3,3,"Sants-Montjuïc",14,"la Font de la Guatlla","Lloguer mitjà mensual (Euros/mes)","881.5"
2019,3,3,"Sants-Montjuïc",15,"Hostafrancs","Lloguer mitjà mensual (Euros/mes)","834.6"
2019,3,3,"Sants-Montjuïc",16,"la Bordeta","Lloguer mitjà mensual (Euros/mes)","832.9"
2019,3,3,"Sants-Montjuïc",17,"Sants - Badal","Lloguer mitjà mensual (Euros/mes)","888.3"
2019,3,3,"Sants-Montjuïc",18,"Sants","Lloguer mitjà mensual (Euros/mes)","884.3"
2019,3,4,"Les Corts",19,"les Corts","Lloguer mitjà mensual (Euros/mes)","1113.9"
2019,3,4,"Les Corts",20,"la Maternitat i Sant Ramon","Lloguer mitjà mensual (Euros/mes)","1040.3"
2019,3,4,"Les Corts",21,"Pedralbes","Lloguer mitjà mensual (Euros/mes)","1950.1"
2019,3,5,"Sarrià-Sant Gervasi",22,"Vallvidrera, el Tibidabo i les Planes","Lloguer mitjà mensual (Euros/mes)","1355.5"
2019,3,5,"Sarrià-Sant Gervasi",23,"Sarrià","Lloguer mitjà mensual (Euros/mes)","1449.5"
2019,3,5,"Sarrià-Sant Gervasi",24,"les Tres Torres","Lloguer mitjà mensual (Euros/mes)","1614.8"
2019,3,5,"Sarrià-Sant Gervasi",25,"Sant Gervasi - la Bonanova","Lloguer mitjà mensual (Euros/mes)","1317.0"
2019,3,5,"Sarrià-Sant Gervasi",26,"Sant Gervasi - Galvany","Lloguer mitjà mensual (Euros/mes)","1412.2"
2019,3,5,"Sarrià-Sant Gervasi",27,"el Putxet i el Farró","Lloguer mitjà mensual (Euros/mes)","1070.2"
2019,3,6,"Gràcia",28,"Vallcarca i els Penitents","Lloguer mitjà mensual (Euros/mes)","953.7"
2019,3,6,"Gràcia",29,"el Coll","Lloguer mitjà mensual (Euros/mes)","813.8"
2019,3,6,"Gràcia",30,"la Salut","Lloguer mitjà mensual (Euros/mes)","926.4"
2019,3,6,"Gràcia",31,"la Vila de Gràcia","Lloguer mitjà mensual (Euros/mes)","991.5"
2019,3,6,"Gràcia",32,"el Camp d'en Grassot i Gràcia Nova","Lloguer mitjà mensual (Euros/mes)","996.3"
2019,3,7,"Horta-Guinardó",33,"el Baix Guinardó","Lloguer mitjà mensual (Euros/mes)","902.2"
2019,3,7,"Horta-Guinardó",34,"Can Baró","Lloguer mitjà mensual (Euros/mes)","762.5"
2019,3,7,"Horta-Guinardó",35,"el Guinardó","Lloguer mitjà mensual (Euros/mes)","819.7"
2019,3,7,"Horta-Guinardó",36,"la Font d'en Fargues","Lloguer mitjà mensual (Euros/mes)","880.2"
2019,3,7,"Horta-Guinardó",37,"el Carmel","Lloguer mitjà mensual (Euros/mes)","703.3"
2019,3,7,"Horta-Guinardó",38,"la Teixonera","Lloguer mitjà mensual (Euros/mes)","773.7"
2019,3,7,"Horta-Guinardó",39,"Sant Genís dels Agudells","Lloguer mitjà mensual (Euros/mes)","756.0"
2019,3,7,"Horta-Guinardó",40,"Montbau","Lloguer mitjà mensual (Euros/mes)","792.4"
2019,3,7,"Horta-Guinardó",41,"la Vall d'Hebron","Lloguer mitjà mensual (Euros/mes)","830.0"
2019,3,7,"Horta-Guinardó",42,"la Clota","Lloguer mitjà mensual (Euros/mes)","N/A"
2019,3,7,"Horta-Guinardó",43,"Horta","Lloguer mitjà mensual (Euros/mes)","788.6"
2019,3,8,"Nou Barris",44,"Vilapicina i la Torre Llobeta","Lloguer mitjà mensual (Euros/mes)","792.2"
2019,3,8,"Nou Barris",45,"Porta","Lloguer mitjà mensual (Euros/mes)","749.2"
2019,3,8,"Nou Barris",46,"el Turó de la Peira","Lloguer mitjà mensual (Euros/mes)","690.0"
2019,3,8,"Nou Barris",47,"Can Peguera","Lloguer mitjà mensual (Euros/mes)","N/A"
2019,3,8,"Nou Barris",48,"la Guineueta","Lloguer mitjà mensual (Euros/mes)","721.1"
2019,3,8,"Nou Barris",49,"Canyelles","Lloguer mitjà mensual (Euros/mes)","714.4"
2019,3,8,"Nou Barris",50,"les Roquetes","Lloguer mitjà mensual (Euros/mes)","612.3"
2019,3,8,"Nou Barris",51,"Verdun","Lloguer mitjà mensual (Euros/mes)","696.1"
2019,3,8,"Nou Barris",52,"la Prosperitat","Lloguer mitjà mensual (Euros/mes)","696.3"
2019,3,8,"Nou Barris",53,"la Trinitat Nova","Lloguer mitjà mensual (Euros/mes)","617.9"
2019,3,8,"Nou Barris",54,"Torre Baró","Lloguer mitjà mensual (Euros/mes)","N/A"
2019,3,8,"Nou Barris",55,"Ciutat Meridiana","Lloguer mitjà mensual (Euros/mes)","532.6"
2019,3,8,"Nou Barris",56,"Vallbona","Lloguer mitjà mensual (Euros/mes)","N/A"
2019,3,9,"Sant Andreu",57,"la Trinitat Vella","Lloguer mitjà mensual (Euros/mes)","569.9"
2019,3,9,"Sant Andreu",58,"Baró de Viver","Lloguer mitjà mensual (Euros/mes)","N/A"
2019,3,9,"Sant Andreu",59,"el Bon Pastor","Lloguer mitjà mensual (Euros/mes)","654.3"
2019,3,9,"Sant Andreu",60,"Sant Andreu","Lloguer mitjà mensual (Euros/mes)","805.0"
2019,3,9,"Sant Andreu",61,"la Sagrera","Lloguer mitjà mensual (Euros/mes)","827.1"
2019,3,9,"Sant Andreu",62,"el Congrés i els Indians","Lloguer mitjà mensual (Euros/mes)","805.9"
2019,3,9,"Sant Andreu",63,"Navas","Lloguer mitjà mensual (Euros/mes)","864.6"
2019,3,10,"Sant Martí",64,"el Camp de l'Arpa del Clot","Lloguer mitjà mensual (Euros/mes)","879.5"
2019,3,10,"Sant Martí",65,"el Clot","Lloguer mitjà mensual (Euros/mes)","899.1"
2019,3,10,"Sant Martí",66,"el Parc i la Llacuna del Poblenou","Lloguer mitjà mensual (Euros/mes)","959.6"
2019,3,10,"Sant Martí",67,"la Vila Olímpica del Poblenou","Lloguer mitjà mensual (Euros/mes)","1332.4"
2019,3,10,"Sant Martí",68,"el Poblenou","Lloguer mitjà mensual (Euros/mes)","1024.3"
2019,3,10,"Sant Martí",69,"Diagonal Mar i el Front Marítim del Poblenou","Lloguer mitjà mensual (Euros/mes)","1409.4"
2019,3,10,"Sant Martí",70,"el Besòs i el Maresme","Lloguer mitjà mensual (Euros/mes)","728.3"
2019,3,10,"Sant Martí",71,"Provençals del Poblenou","Lloguer mitjà mensual (Euros/mes)","996.4"
2019,3,10,"Sant Martí",72,"Sant Martí de Provençals","Lloguer mitjà mensual (Euros/mes)","829.7"
2019,3,10,"Sant Martí",73,"la Verneda i la Pau","Lloguer mitjà mensual (Euros/mes)","770.2"
2019,3,1,"Ciutat Vella",1,"el Raval","Lloguer mitjà per superfície (Euros/m2 mes)","14.7"
2019,3,1,"Ciutat Vella",2,"el Barri Gòtic","Lloguer mitjà per superfície (Euros/m2 mes)","14.3"
2019,3,1,"Ciutat Vella",3,"la Barceloneta","Lloguer mitjà per superfície (Euros/m2 mes)","17.7"
2019,3,1,"Ciutat Vella",4,"Sant Pere, Santa Caterina i la Ribera","Lloguer mitjà per superfície (Euros/m2 mes)","15.7"
2019,3,2,"Eixample",5,"el Fort Pienc","Lloguer mitjà per superfície (Euros/m2 mes)","14.3"
2019,3,2,"Eixample",6,"la Sagrada Família","Lloguer mitjà per superfície (Euros/m2 mes)","14.6"
2019,3,2,"Eixample",7,"la Dreta de l'Eixample","Lloguer mitjà per superfície (Euros/m2 mes)","15.2"
2019,3,2,"Eixample",8,"l'Antiga Esquerra de l'Eixample","Lloguer mitjà per superfície (Euros/m2 mes)","14.7"
2019,3,2,"Eixample",9,"la Nova Esquerra de l'Eixample","Lloguer mitjà per superfície (Euros/m2 mes)","14.6"
2019,3,2,"Eixample",10,"Sant Antoni","Lloguer mitjà per superfície (Euros/m2 mes)","13.9"
2019,3,3,"Sants-Montjuïc",11,"el Poble Sec","Lloguer mitjà per superfície (Euros/m2 mes)","14.4"
2019,3,3,"Sants-Montjuïc",12,"la Marina del Prat Vermell","Lloguer mitjà per superfície (Euros/m2 mes)","N/A"
2019,3,3,"Sants-Montjuïc",13,"la Marina de Port","Lloguer mitjà per superfície (Euros/m2 mes)","11.1"
2019,3,3,"Sants-Montjuïc",14,"la Font de la Guatlla","Lloguer mitjà per superfície (Euros/m2 mes)","13.0"
2019,3,3,"Sants-Montjuïc",15,"Hostafrancs","Lloguer mitjà per superfície (Euros/m2 mes)","14.1"
2019,3,3,"Sants-Montjuïc",16,"la Bordeta","Lloguer mitjà per superfície (Euros/m2 mes)","13.3"
2019,3,3,"Sants-Montjuïc",17,"Sants - Badal","Lloguer mitjà per superfície (Euros/m2 mes)","14.2"
2019,3,3,"Sants-Montjuïc",18,"Sants","Lloguer mitjà per superfície (Euros/m2 mes)","13.9"
2019,3,4,"Les Corts",19,"les Corts","Lloguer mitjà per superfície (Euros/m2 mes)","15.2"
2019,3,4,"Les Corts",20,"la Maternitat i Sant Ramon","Lloguer mitjà per superfície (Euros/m2 mes)","15.0"
2019,3,4,"Les Corts",21,"Pedralbes","Lloguer mitjà per superfície (Euros/m2 mes)","16.4"
2019,3,5,"Sarrià-Sant Gervasi",22,"Vallvidrera, el Tibidabo i les Planes","Lloguer mitjà per superfície (Euros/m2 mes)","16.0"
2019,3,5,"Sarrià-Sant Gervasi",23,"Sarrià","Lloguer mitjà per superfície (Euros/m2 mes)","17.2"
2019,3,5,"Sarrià-Sant Gervasi",24,"les Tres Torres","Lloguer mitjà per superfície (Euros/m2 mes)","17.3"
2019,3,5,"Sarrià-Sant Gervasi",25,"Sant Gervasi - la Bonanova","Lloguer mitjà per superfície (Euros/m2 mes)","16.5"
2019,3,5,"Sarrià-Sant Gervasi",26,"Sant Gervasi - Galvany","Lloguer mitjà per superfície (Euros/m2 mes)","15.9"
2019,3,5,"Sarrià-Sant Gervasi",27,"el Putxet i el Farró","Lloguer mitjà per superfície (Euros/m2 mes)","15.0"
2019,3,6,"Gràcia",28,"Vallcarca i els Penitents","Lloguer mitjà per superfície (Euros/m2 mes)","13.9"
2019,3,6,"Gràcia",29,"el Coll","Lloguer mitjà per superfície (Euros/m2 mes)","12.8"
2019,3,6,"Gràcia",30,"la Salut","Lloguer mitjà per superfície (Euros/m2 mes)","13.7"
2019,3,6,"Gràcia",31,"la Vila de Gràcia","Lloguer mitjà per superfície (Euros/m2 mes)","15.6"
2019,3,6,"Gràcia",32,"el Camp d'en Grassot i Gràcia Nova","Lloguer mitjà per superfície (Euros/m2 mes)","15.2"
2019,3,7,"Horta-Guinardó",33,"el Baix Guinardó","Lloguer mitjà per superfície (Euros/m2 mes)","14.2"
2019,3,7,"Horta-Guinardó",34,"Can Baró","Lloguer mitjà per superfície (Euros/m2 mes)","13.5"
2019,3,7,"Horta-Guinardó",35,"el Guinardó","Lloguer mitjà per superfície (Euros/m2 mes)","13.0"
2019,3,7,"Horta-Guinardó",36,"la Font d'en Fargues","Lloguer mitjà per superfície (Euros/m2 mes)","12.8"
2019,3,7,"Horta-Guinardó",37,"el Carmel","Lloguer mitjà per superfície (Euros/m2 mes)","12.8"
2019,3,7,"Horta-Guinardó",38,"la Teixonera","Lloguer mitjà per superfície (Euros/m2 mes)","13.2"
2019,3,7,"Horta-Guinardó",39,"Sant Genís dels Agudells","Lloguer mitjà per superfície (Euros/m2 mes)","10.4"
2019,3,7,"Horta-Guinardó",40,"Montbau","Lloguer mitjà per superfície (Euros/m2 mes)","12.1"
2019,3,7,"Horta-Guinardó",41,"la Vall d'Hebron","Lloguer mitjà per superfície (Euros/m2 mes)","13.4"
2019,3,7,"Horta-Guinardó",42,"la Clota","Lloguer mitjà per superfície (Euros/m2 mes)","N/A"
2019,3,7,"Horta-Guinardó",43,"Horta","Lloguer mitjà per superfície (Euros/m2 mes)","12.6"
2019,3,8,"Nou Barris",44,"Vilapicina i la Torre Llobeta","Lloguer mitjà per superfície (Euros/m2 mes)","12.1"
2019,3,8,"Nou Barris",45,"Porta","Lloguer mitjà per superfície (Euros/m2 mes)","12.7"
2019,3,8,"Nou Barris",46,"el Turó de la Peira","Lloguer mitjà per superfície (Euros/m2 mes)","11.6"
2019,3,8,"Nou Barris",47,"Can Peguera","Lloguer mitjà per superfície (Euros/m2 mes)","N/A"
2019,3,8,"Nou Barris",48,"la Guineueta","Lloguer mitjà per superfície (Euros/m2 mes)","10.5"
2019,3,8,"Nou Barris",49,"Canyelles","Lloguer mitjà per superfície (Euros/m2 mes)","9.5"
2019,3,8,"Nou Barris",50,"les Roquetes","Lloguer mitjà per superfície (Euros/m2 mes)","11.3"
2019,3,8,"Nou Barris",51,"Verdun","Lloguer mitjà per superfície (Euros/m2 mes)","12.6"
2019,3,8,"Nou Barris",52,"la Prosperitat","Lloguer mitjà per superfície (Euros/m2 mes)","12.6"
2019,3,8,"Nou Barris",53,"la Trinitat Nova","Lloguer mitjà per superfície (Euros/m2 mes)","12.2"
2019,3,8,"Nou Barris",54,"Torre Baró","Lloguer mitjà per superfície (Euros/m2 mes)","N/A"
2019,3,8,"Nou Barris",55,"Ciutat Meridiana","Lloguer mitjà per superfície (Euros/m2 mes)","9.4"
2019,3,8,"Nou Barris",56,"Vallbona","Lloguer mitjà per superfície (Euros/m2 mes)","N/A"
2019,3,9,"Sant Andreu",57,"la Trinitat Vella","Lloguer mitjà per superfície (Euros/m2 mes)","8.9"
2019,3,9,"Sant Andreu",58,"Baró de Viver","Lloguer mitjà per superfície (Euros/m2 mes)","N/A"
2019,3,9,"Sant Andreu",59,"el Bon Pastor","Lloguer mitjà per superfície (Euros/m2 mes)","10.3"
2019,3,9,"Sant Andreu",60,"Sant Andreu","Lloguer mitjà per superfície (Euros/m2 mes)","12.5"
2019,3,9,"Sant Andreu",61,"la Sagrera","Lloguer mitjà per superfície (Euros/m2 mes)","13.2"
2019,3,9,"Sant Andreu",62,"el Congrés i els Indians","Lloguer mitjà per superfície (Euros/m2 mes)","12.3"
2019,3,9,"Sant Andreu",63,"Navas","Lloguer mitjà per superfície (Euros/m2 mes)","12.4"
2019,3,10,"Sant Martí",64,"el Camp de l'Arpa del Clot","Lloguer mitjà per superfície (Euros/m2 mes)","13.6"
2019,3,10,"Sant Martí",65,"el Clot","Lloguer mitjà per superfície (Euros/m2 mes)","13.8"
2019,3,10,"Sant Martí",66,"el Parc i la Llacuna del Poblenou","Lloguer mitjà per superfície (Euros/m2 mes)","14.5"
2019,3,10,"Sant Martí",67,"la Vila Olímpica del Poblenou","Lloguer mitjà per superfície (Euros/m2 mes)","17.9"
2019,3,10,"Sant Martí",68,"el Poblenou","Lloguer mitjà per superfície (Euros/m2 mes)","15.5"
2019,3,10,"Sant Martí",69,"Diagonal Mar i el Front Marítim del Poblenou","Lloguer mitjà per superfície (Euros/m2 mes)","18.5"
2019,3,10,"Sant Martí",70,"el Besòs i el Maresme","Lloguer mitjà per superfície (Euros/m2 mes)","11.6"
2019,3,10,"Sant Martí",71,"Provençals del Poblenou","Lloguer mitjà per superfície (Euros/m2 mes)","14.4"
2019,3,10,"Sant Martí",72,"Sant Martí de Provençals","Lloguer mitjà per superfície (Euros/m2 mes)","11.9"
2019,3,10,"Sant Martí",73,"la Verneda i la Pau","Lloguer mitjà per superfície (Euros/m2 mes)","11.2"
2019,4,1,"Ciutat Vella",1,"el Raval","Lloguer mitjà mensual (Euros/mes)","844.9"
2019,4,1,"Ciutat Vella",2,"el Barri Gòtic","Lloguer mitjà mensual (Euros/mes)","1139.7"
2019,4,1,"Ciutat Vella",3,"la Barceloneta","Lloguer mitjà mensual (Euros/mes)","893.0"
2019,4,1,"Ciutat Vella",4,"Sant Pere, Santa Caterina i la Ribera","Lloguer mitjà mensual (Euros/mes)","966.4"
2019,4,2,"Eixample",5,"el Fort Pienc","Lloguer mitjà mensual (Euros/mes)","1064.4"
2019,4,2,"Eixample",6,"la Sagrada Família","Lloguer mitjà mensual (Euros/mes)","980.0"
2019,4,2,"Eixample",7,"la Dreta de l'Eixample","Lloguer mitjà mensual (Euros/mes)","1333.0"
2019,4,2,"Eixample",8,"l'Antiga Esquerra de l'Eixample","Lloguer mitjà mensual (Euros/mes)","1187.6"
2019,4,2,"Eixample",9,"la Nova Esquerra de l'Eixample","Lloguer mitjà mensual (Euros/mes)","1083.7"
2019,4,2,"Eixample",10,"Sant Antoni","Lloguer mitjà mensual (Euros/mes)","1018.4"
2019,4,3,"Sants-Montjuïc",11,"el Poble Sec","Lloguer mitjà mensual (Euros/mes)","846.2"
2019,4,3,"Sants-Montjuïc",12,"la Marina del Prat Vermell","Lloguer mitjà mensual (Euros/mes)","350.5"
2019,4,3,"Sants-Montjuïc",13,"la Marina de Port","Lloguer mitjà mensual (Euros/mes)","816.7"
2019,4,3,"Sants-Montjuïc",14,"la Font de la Guatlla","Lloguer mitjà mensual (Euros/mes)","868.8"
2019,4,3,"Sants-Montjuïc",15,"Hostafrancs","Lloguer mitjà mensual (Euros/mes)","854.4"
2019,4,3,"Sants-Montjuïc",16,"la Bordeta","Lloguer mitjà mensual (Euros/mes)","870.0"
2019,4,3,"Sants-Montjuïc",17,"Sants - Badal","Lloguer mitjà mensual (Euros/mes)","838.0"
2019,4,3,"Sants-Montjuïc",18,"Sants","Lloguer mitjà mensual (Euros/mes)","884.8"
2019,4,4,"Les Corts",19,"les Corts","Lloguer mitjà mensual (Euros/mes)","1116.2"
2019,4,4,"Les Corts",20,"la Maternitat i Sant Ramon","Lloguer mitjà mensual (Euros/mes)","1078.1"
2019,4,4,"Les Corts",21,"Pedralbes","Lloguer mitjà mensual (Euros/mes)","2023.4"
2019,4,5,"Sarrià-Sant Gervasi",22,"Vallvidrera, el Tibidabo i les Planes","Lloguer mitjà mensual (Euros/mes)","1220.0"
2019,4,5,"Sarrià-Sant Gervasi",23,"Sarrià","Lloguer mitjà mensual (Euros/mes)","1398.4"
2019,4,5,"Sarrià-Sant Gervasi",24,"les Tres Torres","Lloguer mitjà mensual (Euros/mes)","1745.0"
2019,4,5,"Sarrià-Sant Gervasi",25,"Sant Gervasi - la Bonanova","Lloguer mitjà mensual (Euros/mes)","1361.6"
2019,4,5,"Sarrià-Sant Gervasi",26,"Sant Gervasi - Galvany","Lloguer mitjà mensual (Euros/mes)","1455.9"
2019,4,5,"Sarrià-Sant Gervasi",27,"el Putxet i el Farró","Lloguer mitjà mensual (Euros/mes)","1099.8"
2019,4,6,"Gràcia",28,"Vallcarca i els Penitents","Lloguer mitjà mensual (Euros/mes)","987.0"
2019,4,6,"Gràcia",29,"el Coll","Lloguer mitjà mensual (Euros/mes)","817.5"
2019,4,6,"Gràcia",30,"la Salut","Lloguer mitjà mensual (Euros/mes)","954.4"
2019,4,6,"Gràcia",31,"la Vila de Gràcia","Lloguer mitjà mensual (Euros/mes)","975.7"
2019,4,6,"Gràcia",32,"el Camp d'en Grassot i Gràcia Nova","Lloguer mitjà mensual (Euros/mes)","1017.6"
2019,4,7,"Horta-Guinardó",33,"el Baix Guinardó","Lloguer mitjà mensual (Euros/mes)","897.7"
2019,4,7,"Horta-Guinardó",34,"Can Baró","Lloguer mitjà mensual (Euros/mes)","755.9"
2019,4,7,"Horta-Guinardó",35,"el Guinardó","Lloguer mitjà mensual (Euros/mes)","843.1"
2019,4,7,"Horta-Guinardó",36,"la Font d'en Fargues","Lloguer mitjà mensual (Euros/mes)","850.9"
2019,4,7,"Horta-Guinardó",37,"el Carmel","Lloguer mitjà mensual (Euros/mes)","700.2"
2019,4,7,"Horta-Guinardó",38,"la Teixonera","Lloguer mitjà mensual (Euros/mes)","747.3"
2019,4,7,"Horta-Guinardó",39,"Sant Genís dels Agudells","Lloguer mitjà mensual (Euros/mes)","740.2"
2019,4,7,"Horta-Guinardó",40,"Montbau","Lloguer mitjà mensual (Euros/mes)","798.5"
2019,4,7,"Horta-Guinardó",41,"la Vall d'Hebron","Lloguer mitjà mensual (Euros/mes)","954.5"
2019,4,7,"Horta-Guinardó",42,"la Clota","Lloguer mitjà mensual (Euros/mes)","N/A"
2019,4,7,"Horta-Guinardó",43,"Horta","Lloguer mitjà mensual (Euros/mes)","802.5"
2019,4,8,"Nou Barris",44,"Vilapicina i la Torre Llobeta","Lloguer mitjà mensual (Euros/mes)","801.8"
2019,4,8,"Nou Barris",45,"Porta","Lloguer mitjà mensual (Euros/mes)","756.8"
2019,4,8,"Nou Barris",46,"el Turó de la Peira","Lloguer mitjà mensual (Euros/mes)","710.7"
2019,4,8,"Nou Barris",47,"Can Peguera","Lloguer mitjà mensual (Euros/mes)","N/A"
2019,4,8,"Nou Barris",48,"la Guineueta","Lloguer mitjà mensual (Euros/mes)","783.0"
2019,4,8,"Nou Barris",49,"Canyelles","Lloguer mitjà mensual (Euros/mes)","722.5"
2019,4,8,"Nou Barris",50,"les Roquetes","Lloguer mitjà mensual (Euros/mes)","610.5"
2019,4,8,"Nou Barris",51,"Verdun","Lloguer mitjà mensual (Euros/mes)","668.7"
2019,4,8,"Nou Barris",52,"la Prosperitat","Lloguer mitjà mensual (Euros/mes)","692.5"
2019,4,8,"Nou Barris",53,"la Trinitat Nova","Lloguer mitjà mensual (Euros/mes)","561.4"
2019,4,8,"Nou Barris",54,"Torre Baró","Lloguer mitjà mensual (Euros/mes)","N/A"
2019,4,8,"Nou Barris",55,"Ciutat Meridiana","Lloguer mitjà mensual (Euros/mes)","572.9"
2019,4,8,"Nou Barris",56,"Vallbona","Lloguer mitjà mensual (Euros/mes)","N/A"
2019,4,9,"Sant Andreu",57,"la Trinitat Vella","Lloguer mitjà mensual (Euros/mes)","622.3"
2019,4,9,"Sant Andreu",58,"Baró de Viver","Lloguer mitjà mensual (Euros/mes)","N/A"
2019,4,9,"Sant Andreu",59,"el Bon Pastor","Lloguer mitjà mensual (Euros/mes)","713.4"
2019,4,9,"Sant Andreu",60,"Sant Andreu","Lloguer mitjà mensual (Euros/mes)","819.3"
2019,4,9,"Sant Andreu",61,"la Sagrera","Lloguer mitjà mensual (Euros/mes)","829.1"
2019,4,9,"Sant Andreu",62,"el Congrés i els Indians","Lloguer mitjà mensual (Euros/mes)","816.7"
2019,4,9,"Sant Andreu",63,"Navas","Lloguer mitjà mensual (Euros/mes)","856.8"
2019,4,10,"Sant Martí",64,"el Camp de l'Arpa del Clot","Lloguer mitjà mensual (Euros/mes)","857.9"
2019,4,10,"Sant Martí",65,"el Clot","Lloguer mitjà mensual (Euros/mes)","871.6"
2019,4,10,"Sant Martí",66,"el Parc i la Llacuna del Poblenou","Lloguer mitjà mensual (Euros/mes)","1072.8"
2019,4,10,"Sant Martí",67,"la Vila Olímpica del Poblenou","Lloguer mitjà mensual (Euros/mes)","1357.8"
2019,4,10,"Sant Martí",68,"el Poblenou","Lloguer mitjà mensual (Euros/mes)","1051.3"
2019,4,10,"Sant Martí",69,"Diagonal Mar i el Front Marítim del Poblenou","Lloguer mitjà mensual (Euros/mes)","1498.6"
2019,4,10,"Sant Martí",70,"el Besòs i el Maresme","Lloguer mitjà mensual (Euros/mes)","693.8"
2019,4,10,"Sant Martí",71,"Provençals del Poblenou","Lloguer mitjà mensual (Euros/mes)","1013.6"
2019,4,10,"Sant Martí",72,"Sant Martí de Provençals","Lloguer mitjà mensual (Euros/mes)","835.7"
2019,4,10,"Sant Martí",73,"la Verneda i la Pau","Lloguer mitjà mensual (Euros/mes)","781.0"
2019,4,1,"Ciutat Vella",1,"el Raval","Lloguer mitjà per superfície (Euros/m2 mes)","14.0"
2019,4,1,"Ciutat Vella",2,"el Barri Gòtic","Lloguer mitjà per superfície (Euros/m2 mes)","14.3"
2019,4,1,"Ciutat Vella",3,"la Barceloneta","Lloguer mitjà per superfície (Euros/m2 mes)","17.0"
2019,4,1,"Ciutat Vella",4,"Sant Pere, Santa Caterina i la Ribera","Lloguer mitjà per superfície (Euros/m2 mes)","14.8"
2019,4,2,"Eixample",5,"el Fort Pienc","Lloguer mitjà per superfície (Euros/m2 mes)","14.4"
2019,4,2,"Eixample",6,"la Sagrada Família","Lloguer mitjà per superfície (Euros/m2 mes)","14.5"
2019,4,2,"Eixample",7,"la Dreta de l'Eixample","Lloguer mitjà per superfície (Euros/m2 mes)","14.3"
2019,4,2,"Eixample",8,"l'Antiga Esquerra de l'Eixample","Lloguer mitjà per superfície (Euros/m2 mes)","14.8"
2019,4,2,"Eixample",9,"la Nova Esquerra de l'Eixample","Lloguer mitjà per superfície (Euros/m2 mes)","14.9"
2019,4,2,"Eixample",10,"Sant Antoni","Lloguer mitjà per superfície (Euros/m2 mes)","13.8"
2019,4,3,"Sants-Montjuïc",11,"el Poble Sec","Lloguer mitjà per superfície (Euros/m2 mes)","14.5"
2019,4,3,"Sants-Montjuïc",12,"la Marina del Prat Vermell","Lloguer mitjà per superfície (Euros/m2 mes)","7.1"
2019,4,3,"Sants-Montjuïc",13,"la Marina de Port","Lloguer mitjà per superfície (Euros/m2 mes)","11.5"
2019,4,3,"Sants-Montjuïc",14,"la Font de la Guatlla","Lloguer mitjà per superfície (Euros/m2 mes)","12.8"
2019,4,3,"Sants-Montjuïc",15,"Hostafrancs","Lloguer mitjà per superfície (Euros/m2 mes)","13.9"
2019,4,3,"Sants-Montjuïc",16,"la Bordeta","Lloguer mitjà per superfície (Euros/m2 mes)","12.9"
2019,4,3,"Sants-Montjuïc",17,"Sants - Badal","Lloguer mitjà per superfície (Euros/m2 mes)","13.8"
2019,4,3,"Sants-Montjuïc",18,"Sants","Lloguer mitjà per superfície (Euros/m2 mes)","13.9"
2019,4,4,"Les Corts",19,"les Corts","Lloguer mitjà per superfície (Euros/m2 mes)","15.4"
2019,4,4,"Les Corts",20,"la Maternitat i Sant Ramon","Lloguer mitjà per superfície (Euros/m2 mes)","15.0"
2019,4,4,"Les Corts",21,"Pedralbes","Lloguer mitjà per superfície (Euros/m2 mes)","15.5"
2019,4,5,"Sarrià-Sant Gervasi",22,"Vallvidrera, el Tibidabo i les Planes","Lloguer mitjà per superfície (Euros/m2 mes)","14.2"
2019,4,5,"Sarrià-Sant Gervasi",23,"Sarrià","Lloguer mitjà per superfície (Euros/m2 mes)","17.0"
2019,4,5,"Sarrià-Sant Gervasi",24,"les Tres Torres","Lloguer mitjà per superfície (Euros/m2 mes)","17.4"
2019,4,5,"Sarrià-Sant Gervasi",25,"Sant Gervasi - la Bonanova","Lloguer mitjà per superfície (Euros/m2 mes)","16.4"
2019,4,5,"Sarrià-Sant Gervasi",26,"Sant Gervasi - Galvany","Lloguer mitjà per superfície (Euros/m2 mes)","15.2"
2019,4,5,"Sarrià-Sant Gervasi",27,"el Putxet i el Farró","Lloguer mitjà per superfície (Euros/m2 mes)","15.1"
2019,4,6,"Gràcia",28,"Vallcarca i els Penitents","Lloguer mitjà per superfície (Euros/m2 mes)","14.2"
2019,4,6,"Gràcia",29,"el Coll","Lloguer mitjà per superfície (Euros/m2 mes)","13.2"
2019,4,6,"Gràcia",30,"la Salut","Lloguer mitjà per superfície (Euros/m2 mes)","13.2"
2019,4,6,"Gràcia",31,"la Vila de Gràcia","Lloguer mitjà per superfície (Euros/m2 mes)","14.8"
2019,4,6,"Gràcia",32,"el Camp d'en Grassot i Gràcia Nova","Lloguer mitjà per superfície (Euros/m2 mes)","14.9"
2019,4,7,"Horta-Guinardó",33,"el Baix Guinardó","Lloguer mitjà per superfície (Euros/m2 mes)","13.8"
2019,4,7,"Horta-Guinardó",34,"Can Baró","Lloguer mitjà per superfície (Euros/m2 mes)","13.5"
2019,4,7,"Horta-Guinardó",35,"el Guinardó","Lloguer mitjà per superfície (Euros/m2 mes)","13.4"
2019,4,7,"Horta-Guinardó",36,"la Font d'en Fargues","Lloguer mitjà per superfície (Euros/m2 mes)","13.2"
2019,4,7,"Horta-Guinardó",37,"el Carmel","Lloguer mitjà per superfície (Euros/m2 mes)","12.2"
2019,4,7,"Horta-Guinardó",38,"la Teixonera","Lloguer mitjà per superfície (Euros/m2 mes)","12.8"
2019,4,7,"Horta-Guinardó",39,"Sant Genís dels Agudells","Lloguer mitjà per superfície (Euros/m2 mes)","11.6"
2019,4,7,"Horta-Guinardó",40,"Montbau","Lloguer mitjà per superfície (Euros/m2 mes)","12.2"
2019,4,7,"Horta-Guinardó",41,"la Vall d'Hebron","Lloguer mitjà per superfície (Euros/m2 mes)","13.9"
2019,4,7,"Horta-Guinardó",42,"la Clota","Lloguer mitjà per superfície (Euros/m2 mes)","N/A"
2019,4,7,"Horta-Guinardó",43,"Horta","Lloguer mitjà per superfície (Euros/m2 mes)","12.8"
2019,4,8,"Nou Barris",44,"Vilapicina i la Torre Llobeta","Lloguer mitjà per superfície (Euros/m2 mes)","12.4"
2019,4,8,"Nou Barris",45,"Porta","Lloguer mitjà per superfície (Euros/m2 mes)","12.7"
2019,4,8,"Nou Barris",46,"el Turó de la Peira","Lloguer mitjà per superfície (Euros/m2 mes)","11.7"
2019,4,8,"Nou Barris",47,"Can Peguera","Lloguer mitjà per superfície (Euros/m2 mes)","N/A"
2019,4,8,"Nou Barris",48,"la Guineueta","Lloguer mitjà per superfície (Euros/m2 mes)","11.5"
2019,4,8,"Nou Barris",49,"Canyelles","Lloguer mitjà per superfície (Euros/m2 mes)","9.5"
2019,4,8,"Nou Barris",50,"les Roquetes","Lloguer mitjà per superfície (Euros/m2 mes)","10.9"
2019,4,8,"Nou Barris",51,"Verdun","Lloguer mitjà per superfície (Euros/m2 mes)","13.0"
2019,4,8,"Nou Barris",52,"la Prosperitat","Lloguer mitjà per superfície (Euros/m2 mes)","11.9"
2019,4,8,"Nou Barris",53,"la Trinitat Nova","Lloguer mitjà per superfície (Euros/m2 mes)","11.5"
2019,4,8,"Nou Barris",54,"Torre Baró","Lloguer mitjà per superfície (Euros/m2 mes)","N/A"
2019,4,8,"Nou Barris",55,"Ciutat Meridiana","Lloguer mitjà per superfície (Euros/m2 mes)","10.0"
2019,4,8,"Nou Barris",56,"Vallbona","Lloguer mitjà per superfície (Euros/m2 mes)","N/A"
2019,4,9,"Sant Andreu",57,"la Trinitat Vella","Lloguer mitjà per superfície (Euros/m2 mes)","10.8"
2019,4,9,"Sant Andreu",58,"Baró de Viver","Lloguer mitjà per superfície (Euros/m2 mes)","N/A"
2019,4,9,"Sant Andreu",59,"el Bon Pastor","Lloguer mitjà per superfície (Euros/m2 mes)","10.7"
2019,4,9,"Sant Andreu",60,"Sant Andreu","Lloguer mitjà per superfície (Euros/m2 mes)","12.6"
2019,4,9,"Sant Andreu",61,"la Sagrera","Lloguer mitjà per superfície (Euros/m2 mes)","12.5"
2019,4,9,"Sant Andreu",62,"el Congrés i els Indians","Lloguer mitjà per superfície (Euros/m2 mes)","12.3"
2019,4,9,"Sant Andreu",63,"Navas","Lloguer mitjà per superfície (Euros/m2 mes)","12.9"
2019,4,10,"Sant Martí",64,"el Camp de l'Arpa del Clot","Lloguer mitjà per superfície (Euros/m2 mes)","13.9"
2019,4,10,"Sant Martí",65,"el Clot","Lloguer mitjà per superfície (Euros/m2 mes)","13.3"
2019,4,10,"Sant Martí",66,"el Parc i la Llacuna del Poblenou","Lloguer mitjà per superfície (Euros/m2 mes)","15.5"
2019,4,10,"Sant Martí",67,"la Vila Olímpica del Poblenou","Lloguer mitjà per superfície (Euros/m2 mes)","17.7"
2019,4,10,"Sant Martí",68,"el Poblenou","Lloguer mitjà per superfície (Euros/m2 mes)","15.9"
2019,4,10,"Sant Martí",69,"Diagonal Mar i el Front Marítim del Poblenou","Lloguer mitjà per superfície (Euros/m2 mes)","18.5"
2019,4,10,"Sant Martí",70,"el Besòs i el Maresme","Lloguer mitjà per superfície (Euros/m2 mes)","10.8"
2019,4,10,"Sant Martí",71,"Provençals del Poblenou","Lloguer mitjà per superfície (Euros/m2 mes)","14.5"
2019,4,10,"Sant Martí",72,"Sant Martí de Provençals","Lloguer mitjà per superfície (Euros/m2 mes)","12.0"
2019,4,10,"Sant Martí",73,"la Verneda i la Pau","Lloguer mitjà per superfície (Euros/m2 mes)","11.4"